Workbook
Name NativeTimeline_Date: #N/A
Name NativeTimeline_Date1: #N/A
Name Slicer_Date: #N/A
Name Slicer_Years: #N/A

Sheet Park vs Hotel_Summary
T30: Area | U30: =U46 -> Previous year daily usage (kWh) [Park OPEN] | V30: =U48 -> Current year daily usage (kWh) [Park OPEN] | W30: Difference in %
T31: Date | U31: =Daily_Pivot!$A$4 -> 45944 | V31: =Daily_Pivot!$A$5 -> 46309
T32: Park power consumption | U32: =Daily_Pivot!$B$4 -> 148128.63 | V32: =Daily_Pivot!$B$5 -> 148729.41 | W32: =(V32-U32)/U32 -> 0.0040557676 | X32: =(V32-U32)/U32 -> 0.0040557676
T33: Hotel power consumption | U33: =Daily_Pivot!$C$4 -> 68731.23 | V33: =Daily_Pivot!$C$5 -> 59184.499 | W33: =(V33-U33)/U33 -> -0.13889946 | X33: =(V33-U33)/U33 -> -0.13889946
T34: CCP power consumption | U34: =Daily_Pivot!$D$4 -> 93862.874 | V34: =Daily_Pivot!$D$5 -> 65207.915 | W34: =(V34-U34)/U34 -> -0.30528534 | X34: =(V34-U34)/U34 -> -0.30528534
T35: HCCP power consumption | U35: =Daily_Pivot!$E$4 -> 12557.227 | V35: =Daily_Pivot!$E$5 -> 16804.44 | W35: =(V35-U35)/U35 -> 0.33822852 | X35: =(V35-U35)/U35 -> 0.33822852
T36: Total | U36: =SUM(U32:U35) -> 323279.97 | V36: =SUM(V32:V35) -> 289926.26 | W36: =(V36-U36)/U36 -> -0.10317281 | X36: =(V36-U36)/U36 -> -0.10317281
T38: Area | U38: Previous monthly usage (kWh) | V38: Current monthly usage (kWh) | W38: Difference in %
T39: Month | U39: ='Park vs Hotel_Pivot'!$A$5&"-"&'Park vs Hotel_Pivot'!$A$4 -> Oct-2025 | V39: ='Park vs Hotel_Pivot'!$A$7&"-"&'Park vs Hotel_Pivot'!$A$6 -> Oct-2026
T40: Park + CCP | U40: ='Park vs Hotel_Pivot'!$B$5 -> 6770571.2 | V40: ='Park vs Hotel_Pivot'!$B$7 -> 2957539.1 | W40: =(V40-U40)/U40 -> -0.56317731 | X40: =(V40-U40)/U40 -> -0.56317731
T41: Hotel + HCCP | U41: ='Park vs Hotel_Pivot'!$C$5 -> 2482871.8 | V41: ='Park vs Hotel_Pivot'!$C$7 -> 1157489.2 | W41: =(V41-U41)/U41 -> -0.53381032 | X41: =(V41-U41)/U41 -> -0.53381032
T42: Total | U42: =SUBTOTAL(109,U39:U41) -> 9253443.1 | V42: =SUBTOTAL(109,V39:V41) -> 4115028.3 | W42: =(V42-U42)/U42 -> -0.5552976 | X42: =(V42-U42)/U42 -> -0.5552976
T44: Row Labels
T45: 45944
T46: OPEN | U46: ="Previous year daily usage (kWh) [Park"&" "&T46&"]" -> Previous year daily usage (kWh) [Park OPEN]
T47: 46309
T48: OPEN | U48: ="Current year daily usage (kWh) [Park"&" "&T48&"]" -> Current year daily usage (kWh) [Park OPEN]
T49: Grand Total
W994: 24.2
W1180: 28.8 | X1180: 0 | Y1180: Park Close

Sheet Park&Hotel_Pivot
A1: 30 Days | B1: TRUE
A3: Row Labels | B3: Theme Park | C3: Hotel
A4: 46280 | B4: 147822.75 | C4: 65833.221
A5: 46281 | B5: 146772.98 | C5: 52962.604
A6: 46282 | B6: 145128.93 | C6: 41347.818
A7: 46283 | B7: 146526.86 | C7: 41836.17
A8: 46284 | B8: 148751.36 | C8: 55345.069
A9: 46285 | B9: 147068.38 | C9: 69317.855
A10: 46286 | B10: 146979.51 | C10: 68313.619
A11: 46287 | B11: 145054.17 | C11: 68824.084
A12: 46288 | B12: 146562.18 | C12: 66975.128
A13: 46289 | B13: 152330.62 | C13: 67523.175
A14: 46290 | B14: 157334.39 | C14: 68108.672
A15: 46291 | B15: 149175.61 | C15: 70082.435
... A33: 46309 | B33: 148729.41 | C33: 59184.499
A34: Grand Total | B34: 4468137.1 | C34: 1940510.1

Sheet Daily_Pivot
B3: ThemePark | C3: Hotel | D3: CCP | E3: HCCP
A4: 45944 | B4: 148128.63 | C4: 68731.23 | D4: 93862.874 | E4: 12557.227
A5: 46309 | B5: 148729.41 | C5: 59184.499 | D5: 65207.915 | E5: 16804.44
A6: Grand Total | B6: 296858.04 | C6: 127915.73 | D6: 159070.79 | E6: 29361.668 | S6: Area | T6: Normal daily usage (before park & hotel closure) | U6: Current daily usage | V6: Difference in %
S7: Date | T7: =A4 -> 45944 | U7: =A5 -> 46309
S8: =B3 -> ThemePark | T8: =VALUE($B$4) -> 148128.63 | U8: =VALUE($B$5) -> 148729.41 | V8: =(T8-U8)/T8 -> -0.0040557676
S9: =C3 -> Hotel | T9: =VALUE($C$4) -> 68731.23 | U9: =VALUE($C$5) -> 59184.499 | V9: =(T9-U9)/T9 -> 0.13889946
S10: =D3 -> CCP | T10: =VALUE($D$4) -> 93862.874 | U10: =VALUE($D$5) -> 65207.915 | V10: =(T10-U10)/T10 -> 0.30528534
S11: =E3 -> HCCP | T11: =VALUE($E$4) -> 12557.227 | U11: =VALUE($E$5) -> 16804.44 | V11: =(T11-U11)/T11 -> -0.33822852
S12: Total | T12: =SUM(T8:T11) -> 323279.97 | U12: =SUM(U8:U11) -> 289926.26 | V12: =(T12-U12)/T12 -> 0.10317281

Sheet Hotel_Pivot
A1: 30 Days | B1: TRUE
A3: Row Labels | B3: DHH kWh | C3: DLH kWh | D3: DEL kWh
A4: 46280 | B4: 19178.146 | C4: 25124.2 | D4: 21530.875
A5: 46281 | B5: 19421.889 | C5: 11994.34 | D5: 21546.375
A6: 46282 | B6: 19522.693 | C6: 3758 | D6: 21825.125
A7: 46283 | B7: 19869.17 | C7: 2787 | D7: 21967
A8: 46284 | B8: 20264.9 | C8: 12785.794 | D8: 22294.375
A9: 46285 | B9: 20410.699 | C9: 26312.906 | D9: 22594.25
A10: 46286 | B10: 20185.397 | C10: 25697.722 | D10: 22430.5
A11: 46287 | B11: 20168.396 | C11: 26487.188 | D11: 22168.5
A12: 46288 | B12: 19719.173 | C12: 25237.955 | D12: 22018
A13: 46289 | B13: 20182.432 | C13: 25187.243 | D13: 22153.5
A14: 46290 | B14: 20343.908 | C14: 25420.389 | D14: 22344.375
A15: 46291 | B15: 20965.156 | C15: 26686.029 | D15: 22431.25
... A33: 46309 | B33: 20355.301 | C33: 16861.948 | D33: 21967.25
A34: Grand Total | B34: 606601.71 | C34: 679136.04 | D34: 661317.38

Sheet Park vs Hotel_Pivot
A3: Row Labels | B3: ThemePark + CCP | C3: Hotel + HCCP | H3: Normal daily usage (before park & hotel closure) | I3: Current daily usage | J3: Difference in %
A4: 2025 | G4: Date | H4: =A5 -> Oct | I4: =A7 -> Oct
A5: Oct | B5: 6770571.2 | C5: 2482871.8 | G5: Park + CCP | H5: =VALUE($B$5) -> 6770571.2 | I5: =VALUE($B$7) -> 2957539.1 | J5: =(H5-I5)/H5 -> 0.56317731
A6: 2026 | G6: Hotel + HCCP | H6: =VALUE($C$5) -> 2482871.8 | I6: =VALUE($C$7) -> 1157489.2 | J6: =(H6-I6)/H6 -> 0.53381032
A7: Oct | B7: 2957539.1 | C7: 1157489.2
A8: Grand Total | B8: 9728110.3 | C8: 3640361.1
G9: Total | H9: =SUM(H5:H8) -> 9253443.1 | I9: =SUM(I5:I8) -> 4115028.3 | J9: =(H9-I9)/H9 -> 0.5552976
G12: =A4&A5 -> 2025Oct

Sheet Park vs Hotel
A1: Date | B1: 30 Days | C1: Total Power Consumption of ThemePark (kWh) | D1: Total Power Consumption of hotel (kWh)
A2: 43282 | B2: =AND(A2>=(TODAY()-30),A2<TODAY()) -> FALSE | C2: =Data!C2+Data!E2 -> 216242.22 | D2: =Data!D2+Data!F2 -> 103217.38
A3: 43283 | B3: =AND(A3>=(TODAY()-30),A3<TODAY()) -> FALSE | C3: =Data!C3+Data!E3 -> 213705.84 | D3: =Data!D3+Data!F3 -> 101754.75
A4: 43284 | B4: =AND(A4>=(TODAY()-30),A4<TODAY()) -> FALSE | C4: =Data!C4+Data!E4 -> 220671.06 | D4: =Data!D4+Data!F4 -> 98457.75
A5: 43285 | B5: =AND(A5>=(TODAY()-30),A5<TODAY()) -> FALSE | C5: =Data!C5+Data!E5 -> 216003.69 | D5: =Data!D5+Data!F5 -> 97422.125
A6: 43286 | B6: =AND(A6>=(TODAY()-30),A6<TODAY()) -> FALSE | C6: =Data!C6+Data!E6 -> 217037.53 | D6: =Data!D6+Data!F6 -> 98512.625
A7: 43287 | B7: =AND(A7>=(TODAY()-30),A7<TODAY()) -> FALSE | C7: =Data!C7+Data!E7 -> 218508.81 | D7: =Data!D7+Data!F7 -> 101319.38
A8: 43288 | B8: =AND(A8>=(TODAY()-30),A8<TODAY()) -> FALSE | C8: =Data!C8+Data!E8 -> 211278.61 | D8: =Data!D8+Data!F8 -> 102697.62
A9: 43289 | B9: =AND(A9>=(TODAY()-30),A9<TODAY()) -> FALSE | C9: =Data!C9+Data!E9 -> 207239.47 | D9: =Data!D9+Data!F9 -> 99601.875
A10: 43290 | B10: =AND(A10>=(TODAY()-30),A10<TODAY()) -> FALSE | C10: =Data!C10+Data!E10 -> 211730.87 | D10: =Data!D10+Data!F10 -> 94446.125
A11: 43291 | B11: =AND(A11>=(TODAY()-30),A11<TODAY()) -> FALSE | C11: =Data!C11+Data!E11 -> 209633.23 | D11: =Data!D11+Data!F11 -> 95351.75
A12: 43292 | B12: =AND(A12>=(TODAY()-30),A12<TODAY()) -> FALSE | C12: =Data!C12+Data!E12 -> 213371.1 | D12: =Data!D12+Data!F12 -> 94478.875
A13: 43293 | B13: =AND(A13>=(TODAY()-30),A13<TODAY()) -> FALSE | C13: =Data!C13+Data!E13 -> 211112.71 | D13: =Data!D13+Data!F13 -> 95003.75
... A1980: 45260 | B1980: =AND(A1980>=(TODAY()-30),A1980<TODAY()) -> FALSE | C1980: =Data!C1980+Data!E1980 -> 184338.65 | D1980: =Data!D1980+Data!F1980 -> 69900.865
A1981: 45261 | B1981: =AND(A1981>=(TODAY()-30),A1981<TODAY()) -> FALSE | C1981: =Data!C1981+Data!E1981 -> 161991.76 | D1981: =Data!D1981+Data!F1981 -> 71087.055 | F1981: SS205A PMCS Data Loss After Replace Meter
A1982: 45262 | B1982: =AND(A1982>=(TODAY()-30),A1982<TODAY()) -> FALSE | C1982: =Data!C1982+Data!E1982 -> 160183.23 | D1982: =Data!D1982+Data!F1982 -> 72248.611 | F1982: SS205A PMCS Data Loss After Replace Meter
A1983: 45263 | B1983: =AND(A1983>=(TODAY()-30),A1983<TODAY()) -> FALSE | C1983: =Data!C1983+Data!E1983 -> 172461.49 | D1983: =Data!D1983+Data!F1983 -> 71499.269
A1984: 45264 | B1984: =AND(A1984>=(TODAY()-30),A1984<TODAY()) -> FALSE | C1984: =Data!C1984+Data!E1984 -> 172460.65 | D1984: =Data!D1984+Data!F1984 -> 69428.894
A1985: 45265 | B1985: =AND(A1985>=(TODAY()-30),A1985<TODAY()) -> FALSE | C1985: =Data!C1985+Data!E1985 -> 128939.01 | D1985: =Data!D1985+Data!F1985 -> 49134.408
A1986: 45266 | B1986: =AND(A1986>=(TODAY()-30),A1986<TODAY()) -> FALSE | C1986: =Data!C1986+Data!E1986 -> 165004.21 | D1986: =Data!D1986+Data!F1986 -> 69832.68
A1987: 45267 | B1987: =AND(A1987>=(TODAY()-30),A1987<TODAY()) -> FALSE | C1987: =Data!C1987+Data!E1987 -> 163024.84 | D1987: =Data!D1987+Data!F1987 -> 70564.587
A1988: 45268 | B1988: =AND(A1988>=(TODAY()-30),A1988<TODAY()) -> FALSE | C1988: =Data!C1988+Data!E1988 -> 172318.8 | D1988: =Data!D1988+Data!F1988 -> 71146.946
A1989: 45269 | B1989: =AND(A1989>=(TODAY()-30),A1989<TODAY()) -> FALSE | C1989: =Data!C1989+Data!E1989 -> 196319.13 | D1989: =Data!D1989+Data!F1989 -> 71986.753
A1990: 45270 | B1990: =AND(A1990>=(TODAY()-30),A1990<TODAY()) -> FALSE | C1990: =Data!C1990+Data!E1990 -> 202463.21 | D1990: =Data!D1990+Data!F1990 -> 71891.31
A1991: 45271 | B1991: =AND(A1991>=(TODAY()-30),A1991<TODAY()) -> FALSE | C1991: =Data!C1991+Data!E1991 -> 209139.62 | D1991: =Data!D1991+Data!F1991 -> 71250.867
A1992: 45272 | B1992: =AND(A1992>=(TODAY()-30),A1992<TODAY()) -> FALSE | C1992: =Data!C1992+Data!E1992 -> 205191.09 | D1992: =Data!D1992+Data!F1992 -> 72070.714
A1993: 45273 | B1993: =AND(A1993>=(TODAY()-30),A1993<TODAY()) -> FALSE | C1993: =Data!C1993+Data!E1993 -> 180516.38 | D1993: =Data!D1993+Data!F1993 -> 73738.018
A1994: 45274 | B1994: =AND(A1994>=(TODAY()-30),A1994<TODAY()) -> FALSE | C1994: =Data!C1994+Data!E1994 -> 187044.38 | D1994: =Data!D1994+Data!F1994 -> 72758.985
... A3046: 46326 | B3046: =AND(A3046>=(TODAY()-30),A3046<TODAY()) -> FALSE | C3046: =Data!C3046+Data!E3046 -> 0 | D3046: =Data!D3046+Data!F3046 -> 0

Sheet Data
A1: Date | B1: 30 Days | C1: Total Power Consumption of ThemePark (kWh) | D1: Total Power Consumption of hotel (kWh) | E1: Total Power Consumption of CCP (kWh) | F1: Total Power Consumption of HCCP (kWh)
A2: 43282 | B2: =AND(A2>=(TODAY()-30),A2<TODAY()) -> FALSE | C2: =Park!X2 -> 141386.66 | D2: =Hotel!N3 -> 78475 | E2: =CCP!I2 -> 74855.562 | F2: =HCCP!F2 -> 24742.375
A3: 43283 | B3: =AND(A3>=(TODAY()-30),A3<TODAY()) -> FALSE | C3: =Park!X3 -> 137502.34 | D3: =Hotel!N4 -> 76559.125 | E3: =CCP!I3 -> 76203.5 | F3: =HCCP!F3 -> 25195.625
A4: 43284 | B4: =AND(A4>=(TODAY()-30),A4<TODAY()) -> FALSE | C4: =Park!X4 -> 143944.12 | D4: =Hotel!N5 -> 73037.875 | E4: =CCP!I4 -> 76726.938 | F4: =HCCP!F4 -> 25419.875
A5: 43285 | B5: =AND(A5>=(TODAY()-30),A5<TODAY()) -> FALSE | C5: =Park!X5 -> 141186.94 | D5: =Hotel!N6 -> 71709.625 | E5: =CCP!I5 -> 74816.75 | F5: =HCCP!F5 -> 25712.5
A6: 43286 | B6: =AND(A6>=(TODAY()-30),A6<TODAY()) -> FALSE | C6: =Park!X6 -> 142233.16 | D6: =Hotel!N7 -> 73290.875 | E6: =CCP!I6 -> 74804.375 | F6: =HCCP!F6 -> 25221.75
A7: 43287 | B7: =AND(A7>=(TODAY()-30),A7<TODAY()) -> FALSE | C7: =Park!X7 -> 141272.19 | D7: =Hotel!N8 -> 75626.375 | E7: =CCP!I7 -> 77236.625 | F7: =HCCP!F7 -> 25693
A8: 43288 | B8: =AND(A8>=(TODAY()-30),A8<TODAY()) -> FALSE | C8: =Park!X8 -> 137158.09 | D8: =Hotel!N9 -> 77706.875 | E8: =CCP!I8 -> 74120.521 | F8: =HCCP!F8 -> 24990.75
A9: 43289 | B9: =AND(A9>=(TODAY()-30),A9<TODAY()) -> FALSE | C9: =Park!X9 -> 135545.12 | D9: =Hotel!N10 -> 76341.625 | E9: =CCP!I9 -> 71694.344 | F9: =HCCP!F9 -> 23260.25
A10: 43290 | B10: =AND(A10>=(TODAY()-30),A10<TODAY()) -> FALSE | C10: =Park!X10 -> 139224.88 | D10: =Hotel!N11 -> 72975.5 | E10: =CCP!I10 -> 72505.992 | F10: =HCCP!F10 -> 21470.625
A11: 43291 | B11: =AND(A11>=(TODAY()-30),A11<TODAY()) -> FALSE | C11: =Park!X11 -> 139799.25 | D11: =Hotel!N12 -> 73474.75 | E11: =CCP!I11 -> 69833.977 | F11: =HCCP!F11 -> 21877
A12: 43292 | B12: =AND(A12>=(TODAY()-30),A12<TODAY()) -> FALSE | C12: =Park!X12 -> 140815.91 | D12: =Hotel!N13 -> 71895.375 | E12: =CCP!I12 -> 72555.195 | F12: =HCCP!F12 -> 22583.5
A13: 43293 | B13: =AND(A13>=(TODAY()-30),A13<TODAY()) -> FALSE | C13: =Park!X13 -> 140689.41 | D13: =Hotel!N14 -> 71698.5 | E13: =CCP!I13 -> 70423.305 | F13: =HCCP!F13 -> 23305.25
... A1980: 45260 | B1980: =AND(A1980>=(TODAY()-30),A1980<TODAY()) -> FALSE | C1980: =Park!X1980 -> 140093.18 | D1980: =Hotel!N1981 -> 65318.815 | E1980: =CCP!I1980 -> 44245.475 | F1980: =HCCP!F1980 -> 4582.05
A1981: 45261 | B1981: =AND(A1981>=(TODAY()-30),A1981<TODAY()) -> FALSE | C1981: =Park!X1981 -> 141233.75 | D1981: =Hotel!N1982 -> 66684.225 | E1981: =CCP!I1981 -> 20758.015 | F1981: =HCCP!F1981 -> 4402.83 | H1981: CCP (SS205A PMCS Data Loss) After Replace Meter
A1982: 45262 | B1982: =AND(A1982>=(TODAY()-30),A1982<TODAY()) -> FALSE | C1982: =Park!X1982 -> 140097 | D1982: =Hotel!N1983 -> 67879.141 | E1982: =CCP!I1982 -> 20086.225 | F1982: =HCCP!F1982 -> 4369.47 | H1982: CCP (SS205A PMCS Data Loss) After Replace Meter
A1983: 45263 | B1983: =AND(A1983>=(TODAY()-30),A1983<TODAY()) -> FALSE | C1983: =Park!X1983 -> 140380.01 | D1983: =Hotel!N1984 -> 67067.939 | E1983: =CCP!I1983 -> 32081.474 | F1983: =HCCP!F1983 -> 4431.33
A1984: 45264 | B1984: =AND(A1984>=(TODAY()-30),A1984<TODAY()) -> FALSE | C1984: =Park!X1984 -> 138935.33 | D1984: =Hotel!N1985 -> 65069.564 | E1984: =CCP!I1984 -> 33525.328 | F1984: =HCCP!F1984 -> 4359.33
A1985: 45265 | B1985: =AND(A1985>=(TODAY()-30),A1985<TODAY()) -> FALSE | C1985: =Park!X1985 -> 104515.27 | D1985: =Hotel!N1986 -> 46067.458 | E1985: =CCP!I1985 -> 24423.736 | F1985: =HCCP!F1985 -> 3066.95
A1986: 45266 | B1986: =AND(A1986>=(TODAY()-30),A1986<TODAY()) -> FALSE | C1986: =Park!X1986 -> 135277.47 | D1986: =Hotel!N1987 -> 65299.67 | E1986: =CCP!I1986 -> 29726.738 | F1986: =HCCP!F1986 -> 4533.01
A1987: 45267 | B1987: =AND(A1987>=(TODAY()-30),A1987<TODAY()) -> FALSE | C1987: =Park!X1987 -> 137631.85 | D1987: =Hotel!N1988 -> 66293.577 | E1987: =CCP!I1987 -> 25392.996 | F1987: =HCCP!F1987 -> 4271.01
A1988: 45268 | B1988: =AND(A1988>=(TODAY()-30),A1988<TODAY()) -> FALSE | C1988: =Park!X1988 -> 142469.09 | D1988: =Hotel!N1989 -> 66640.236 | E1988: =CCP!I1988 -> 29849.712 | F1988: =HCCP!F1988 -> 4506.71
A1989: 45269 | B1989: =AND(A1989>=(TODAY()-30),A1989<TODAY()) -> FALSE | C1989: =Park!X1989 -> 144895.87 | D1989: =Hotel!N1990 -> 67225.043 | E1989: =CCP!I1989 -> 51423.26 | F1989: =HCCP!F1989 -> 4761.71
A1990: 45270 | B1990: =AND(A1990>=(TODAY()-30),A1990<TODAY()) -> FALSE | C1990: =Park!X1990 -> 146436.39 | D1990: =Hotel!N1991 -> 67065.8 | E1990: =CCP!I1990 -> 56026.82 | F1990: =HCCP!F1990 -> 4825.51
A1991: 45271 | B1991: =AND(A1991>=(TODAY()-30),A1991<TODAY()) -> FALSE | C1991: =Park!X1991 -> 146908.79 | D1991: =Hotel!N1992 -> 66631.938 | E1991: =CCP!I1991 -> 62230.839 | F1991: =HCCP!F1991 -> 4618.93
A1992: 45272 | B1992: =AND(A1992>=(TODAY()-30),A1992<TODAY()) -> FALSE | C1992: =Park!X1992 -> 144941 | D1992: =Hotel!N1993 -> 65769.164 | E1992: =CCP!I1992 -> 60250.088 | F1992: =HCCP!F1992 -> 6301.55
A1993: 45273 | B1993: =AND(A1993>=(TODAY()-30),A1993<TODAY()) -> FALSE | C1993: =Park!X1993 -> 139637.05 | D1993: =Hotel!N1994 -> 66971.448 | E1993: =CCP!I1993 -> 40879.322 | F1993: =HCCP!F1993 -> 6766.57
A1994: 45274 | B1994: =AND(A1994>=(TODAY()-30),A1994<TODAY()) -> FALSE | C1994: =Park!X1994 -> 141397.61 | D1994: =Hotel!N1995 -> 65960.945 | E1994: =CCP!I1994 -> 45646.765 | F1994: =HCCP!F1994 -> 6798.04
... A3046: 46326 | B3046: =AND(A3046>=(TODAY()-30),A3046<TODAY()) -> FALSE | C3046: =Park!X3046 -> 0 | D3046: =Hotel!N3047 -> 0 | E3046: =CCP!I3046 -> 0 | F3046: =HCCP!F3046 -> 0

Sheet CCP
A1: Date | B1: SS205A_TxA (kWh) | C1: SS205A_TxB (kWh) | D1: SS205A_TxC (kWh) | E1: SS205B_TxA (kWh) | F1: SS205B_TxB (kWh) | G1: SS205B_TxC (kWh) | H1: EA8 | I1: Total Power Consumption of CCP (kWh)
A2: 43282 | B2: 15111 | C2: 17092 | D2: 3137.75 | E2: 15884 | F2: 12254 | G2: 11376.812 | I2: 74855.562
A3: 43283 | B3: 15308 | C3: 17156 | D3: 3071 | E3: 15892 | F3: 13282.5 | G3: 11494 | I3: 76203.5
A4: 43284 | B4: 15223 | C4: 17440 | D4: 3068.75 | E4: 16035 | F4: 13123 | G4: 11837.188 | I4: 76726.938
A5: 43285 | B5: 15780 | C5: 18422 | D5: 2757.5 | E5: 16135 | F5: 12890.5 | G5: 8831.75 | I5: 74816.75
A6: 43286 | B6: 14863 | C6: 17957 | D6: 3093.25 | E6: 15362 | F6: 13211 | G6: 10318.125 | I6: 74804.375
A7: 43287 | B7: 15359 | C7: 17360.5 | D7: 3182.25 | E7: 15931 | F7: 13781.5 | G7: 11622.375 | I7: 77236.625
A8: 43288 | B8: 15080 | C8: 16950.5 | D8: 3092.75 | E8: 15705.646 | F8: 11949 | G8: 11342.625 | I8: 74120.521
A9: 43289 | B9: 14805 | C9: 16300 | D9: 3048 | E9: 15417.344 | F9: 11173 | G9: 10951 | I9: 71694.344
A10: 43290 | B10: 14588 | C10: 16815.5 | D10: 3027.75 | E10: 15280.867 | F10: 12004.5 | G10: 10789.375 | I10: 72505.992
A11: 43291 | B11: 14605 | C11: 18127 | D11: 2615.25 | E11: 14978.727 | F11: 11531.5 | G11: 7976.5 | I11: 69833.977
A12: 43292 | B12: 11841 | C12: 17854.5 | D12: 4077.5 | E12: 15539.945 | F12: 12080 | G12: 11162.25 | I12: 72555.195
A13: 43293 | B13: 3074 | C13: 19466.5 | D13: 6960 | E13: 14380.68 | F13: 13102.5 | G13: 13439.625 | I13: 70423.305
... A443: 43723 | B443: 13774 | C443: 19200.625 | D443: 3334 | E443: 7460 | F443: 15617.75 | G443: 7366 | I443: 66752.375
A444: =1 + A443 -> 43724 | B444: 13811.25 | C444: 18245.625 | D444: 3252 | E444: 8708.5 | F444: 13978.5 | G444: 10494 | I444: 68489.875
A445: =1 + A444 -> 43725 | B445: 13812.25 | C445: 14743.312 | D445: 3079 | E445: 12568.5 | F445: 6150.25 | G445: 14034 | I445: 64387.312
A446: =1 + A445 -> 43726 | B446: 13809 | C446: 14594.812 | D446: 3090.5 | E446: 12490.5 | F446: 7434.25 | G446: 14063.25 | I446: 65482.312
A447: 43727 | B447: 13381 | C447: 12876.875 | D447: 2905 | E447: 12200.5 | F447: 2720.25 | G447: 13535.75 | I447: 57619.375
A448: 43728 | B448: 10462 | C448: 10305.938 | D448: 2210 | E448: 11330 | F448: 3593.5 | G448: 12941.25 | I448: 50842.688
A449: 43729 | B449: 8709.75 | C449: 6623.6875 | D449: 1489.5 | E449: 11422.5 | F449: 1628.5 | G449: 13015.5 | I449: 42889.438
A450: 43730 | B450: 7315.5 | C450: 6417 | D450: 1196.5 | E450: 10868.5 | F450: 1630 | G450: 12611.25 | I450: 40038.75
A451: 43731 | B451: 2927.5 | C451: 13288.188 | D451: 1490.5 | E451: 11553 | F451: 1652.75 | G451: 13114.25 | I451: 44026.188
A452: 43732 | B452: 2971 | C452: 14394.375 | D452: 1921 | E452: 11956 | F452: 5463 | G452: 13499.5 | I452: 50204.875
A453: 43733 | B453: 2997.75 | C453: 14501.5 | D453: 1938 | E453: 10557.5 | F453: 6639.75 | G453: 13421.25 | I453: 50055.75
A454: 43734 | B454: 3089 | C454: 17258.875 | D454: 2102.5 | E454: 5555 | F454: 9301.5 | G454: 13201.25 | I454: 50508.125
A455: 43735 | B455: 6414.5 | C455: 17391.25 | D455: 1949 | E455: 8720 | F455: 3346.5 | G455: 13697.25 | I455: 51518.5
A456: 43736 | B456: 2908.75 | C456: 11329.875 | D456: 2034 | E456: 12265 | F456: 11028 | G456: 13621 | I456: 53186.625
A457: 43737 | B457: 2851.25 | C457: 12595 | D457: 2298 | E457: 10091 | F457: 15373.75 | G457: 14252.5 | I457: 57461.5
A458: 43738 | B458: 2864.5 | C458: 12046.375 | D458: 2259 | E458: 9623.5 | F458: 13501.5 | G458: 13603.25 | I458: 53898.125
... A626: 43906 | B626: 16572 | C626: 0 | D626: 2847.672 | E626: 2848 | F626: 377 | G626: 34.5 | I626: 22679.172
A627: 43907 | B627: 16574 | C627: 0 | D627: =D573-D477 -> 2174 | E627: 2847 | F627: 377 | G627: 35 | I627: 22007
A628: 43908 | B628: 16682 | C628: 0 | D628: 2830.609 | E628: 2902.5 | F628: 367.25 | G628: 34 | I628: 22816.359
A629: 43909 | B629: 17576.5 | C629: 0 | D629: 2904.797 | E629: 1415 | F629: 427.75 | G629: 1658.5 | I629: 23982.547
A630: 43910 | B630: 17416.5 | C630: 0 | D630: 2852.313 | E630: 174.5 | F630: 366.25 | G630: 3014 | I630: 23823.563
A631: 43911 | B631: 17885 | C631: 0 | D631: 2849.813 | E631: 168 | F631: 442 | G631: 3082 | I631: 24426.813
A632: 43912 | B632: 18882 | C632: 0 | D632: 2918.312 | E632: 157.5 | F632: 758.5 | G632: 3123 | I632: 25839.312
A633: 43913 | B633: 20631.5 | C633: 0 | D633: 3061.516 | E633: 179 | F633: 959.25 | G633: 3258 | I633: 25027.75
A634: 43914 | B634: 18482 | C634: 0 | D634: 2892.25 | E634: 175 | F634: 2372.25 | G634: 3087.5 | I634: 27009
A635: 43915 | B635: 8534 | C635: 0 | D635: 9622.593 | E635: 1917 | F635: 3302 | G635: 2990 | I635: 26365.593
A636: 43916 | B636: 2474 | C636: 0 | D636: 13562.36 | E636: 3522.5 | F636: 3463.5 | G636: 1837 | I636: 24859.36
A637: 43917 | B637: 2439 | C637: 0 | D637: 14342.063 | E637: 1990 | F637: 3514.5 | G637: 31 | I637: 22316.563
A638: 43918 | B638: 2401 | C638: 0 | D638: 14999.093 | E638: 753 | F638: 3489.5 | G638: 32 | I638: 21674.593
A639: 43919 | B639: 2367.5 | C639: 0 | D639: 13556.969 | E639: 724.5 | F639: 3061 | G639: 32 | I639: 19741.969
... A938: 44218 | B938: 9367 | C938: 91.25 | D938: 73.5 | E938: 1450.5 | F938: 3158.5 | G938: 1646 | I938: 15786.75
A939: 44219 | B939: 8422 | C939: 93.25 | D939: 73 | E939: 1414 | F939: 3184 | G939: 1607.5 | H939: 1550 | I939: 13243.75
A940: 44220 | B940: 6769 | C940: 91.5 | D940: 75.25 | E940: 1359.5 | F940: 3165.5 | G940: 1554 | H940: 1500 | I940: 11514.75
A941: 44221 | B941: 6962 | C941: 319 | D941: 74.25 | E941: 1386 | F941: 2969.5 | G941: 1580.5 | H941: 1620 | I941: 11671.25
A942: 44222 | B942: 6979 | C942: 893.25 | D942: 74.5 | E942: 1384 | F942: 2400.5 | G942: 1571 | H942: 1600 | I942: 11702.25
A943: 44223 | B943: 6789 | C943: 824.25 | D943: 75 | E943: 1356 | F943: 2580 | G943: 1519.5 | H943: 1660 | I943: 11483.75
A944: 44224 | B944: 6829 | C944: 1116.5 | D944: 74.75 | E944: 1347.5 | F944: 2406.5 | G944: 1489 | H944: 1656 | I944: 11607.25
A945: 44225 | B945: 5702 | C945: 446.5 | D945: 77.5 | E945: 1285.5 | F945: 2855.5 | G945: 1475.5 | H945: 1658 | I945: 10184.5
A946: 44226 | B946: 5662 | C946: 93 | D946: 77.75 | E946: 1259.5 | F946: 3190.5 | G946: 1447.5 | H946: 1660 | I946: 10070.25
A947: 44227 | B947: 6420 | C947: 92.75 | D947: 76.25 | E947: 1298 | F947: 3179.5 | G947: 1485 | H947: 1662 | I947: 10889.5
A948: 44228 | B948: 8019 | C948: 415 | D948: 73 | E948: 1381.5 | F948: 2846 | G948: 1563.5 | H948: 1662 | I948: 12636
A949: 44229 | B949: 8156 | C949: 568.25 | D949: 71.25 | E949: 1359 | F949: 2865 | G949: 1545.5 | H949: 1674 | I949: 12891
A950: 44230 | B950: 6160 | C950: 330 | D950: 73.5 | E950: 1349.5 | F950: 3460 | G950: 1487 | H950: 1667 | I950: 11193
... A3029: 46309 | B3029: 13388.19 | C3029: 10406.35 | D3029: 15209.5 | E3029: 15248.5 | F3029: 11077 | G3029: 1147 | H3029: 1268.625 | I3029: 65207.915

Sheet HCCP
A1: Date | B1: SS303A_TxA (kWh) | C1: SS303B_TxD2 (kWh) | D1: SS303B_TxD3 (kWh) | E1: SS303B_TxD3_C12 CSB | F1: Total Power Consumption of HCCP (kWh)
A2: 43282 | B2: 2702.5 | C2: 4604.375 | D2: 17435.5 | F2: 24742.375
A3: 43283 | B3: 2738.5 | C3: 4515.625 | D3: 17941.5 | F3: 25195.625
A4: 43284 | B4: 2817.75 | C4: 4374.125 | D4: 18228 | F4: 25419.875
A5: 43285 | B5: 2910.25 | C5: 4500.75 | D5: 18301.5 | F5: 25712.5
A6: 43286 | B6: 2874 | C6: 4281.75 | D6: 18066 | F6: 25221.75
A7: 43287 | B7: 2870.75 | C7: 4519.75 | D7: 18302.5 | F7: 25693
A8: 43288 | B8: 2744.75 | C8: 4363.5 | D8: 17882.5 | F8: 24990.75
A9: 43289 | B9: 2711.25 | C9: 4337.5 | D9: 16211.5 | F9: 23260.25
A10: 43290 | B10: 2555 | C10: 4343.125 | D10: 14572.5 | F10: 21470.625
A11: 43291 | B11: 2733.75 | C11: 4128.75 | D11: 15014.5 | F11: 21877
A12: 43292 | B12: 2618.5 | C12: 4267 | D12: 15698 | F12: 22583.5
A13: 43293 | B13: 2754.5 | C13: 4276.75 | D13: 16274 | F13: 23305.25
... A2011: 45291 | B2011: 3386.49 | C2011: 60.44 | D2011: 1005.7 | F2011: 4452.63
A2012: 45292 | B2012: 3393.51 | C2012: 60.42 | D2012: 947.13 | E2012: 543.125 | F2012: 3857.935
A2013: 45293 | B2013: 3371.6 | C2013: 298.87 | D2013: 971.45 | E2013: 602.5 | F2013: 4039.42
A2014: 45294 | B2014: 2966.1 | C2014: 54.12 | D2014: 891.95 | E2014: 544.25 | F2014: 3367.92
A2015: 45295 | B2015: 1461.15 | C2015: 57.87 | D2015: 792.38 | E2015: 540.875 | F2015: 1770.525
A2016: 45296 | B2016: 1404.56 | C2016: 62.22 | D2016: 809.68 | E2016: 543.875 | F2016: 1732.585
A2017: 45297 | B2017: 1536.1 | C2017: 61.32 | D2017: 825.86 | E2017: 544.375 | F2017: 1878.905
A2018: 45298 | B2018: 1535.62 | C2018: 60.32 | D2018: 818.19 | E2018: 557.25 | F2018: 1856.88
A2019: 45299 | B2019: 1539.72 | C2019: 60.29 | D2019: 807.6 | E2019: 552 | F2019: 1855.61
A2020: 45300 | B2020: 1530.46 | C2020: 61.5 | D2020: 838.9 | E2020: 550.75 | F2020: 1880.11
A2021: 45301 | B2021: 1561.39 | C2021: 60.41 | D2021: 821.64 | E2021: 542.875 | F2021: 1900.565
A2022: 45302 | B2022: 1581.09 | C2022: 54.64 | D2022: 806.23 | E2022: 564.5 | F2022: 1877.46
A2023: 45303 | B2023: 1551.83 | C2023: 64.91 | D2023: 817.54 | E2023: 566.75 | F2023: 1867.53
... A3029: 46309 | B3029: 2034.1 | C3029: 3130.72 | D3029: 12247.37 | E3029: 607.75 | F3029: 16804.44

Sheet Hotel
B1: DHH | E1: DLH | J1: DEL
A2: Date | B2: SS301_TxA (kWh) | C2: SS301_TxB (kWh) | D2: SS301_TxC (kWh) | E2: SS302A_TxA1 (kWh) | F2: SS302A_TxA2 (kWh) | G2: SS302A_TxC5 (kWh) | H2: SS302B_TxB4 (kWh) | I2: SS302C_TxA3 (kWh) | J2: SS304A_TxA (kWh) | K2: SS304A_TxB (kWh) | L2: SS304B_TxC (kWh) | M2: SS304B_TxD (kWh) | N2: Total Power Consumption of hotel (kWh) | O2: Occupancy | P2: 30 Days | Q2: DHH Total kWh | R2: DLH Total Sum | S2: DEL Total Sum
A3: 43282 | B3: 9955.75 | C3: 4283 | D3: 7636 | E3: 7386 | F3: 8824 | G3: 103.5 | H3: 9941.75 | I3: 4736 | J3: 7557.25 | K3: 6561.25 | L3: 6132 | M3: 5358.5 | N3: 78475 | P3: =AND(A3>=(TODAY()-30),A3<TODAY()) -> FALSE | Q3: 21874.75 | R3: 30991.25 | S3: 25609
A4: 43283 | B4: 9921.5 | C4: 4278 | D4: 7472 | E4: 6853.5 | F4: 8619 | G4: 100 | H4: 9869.375 | I4: 4509.75 | J4: 7375 | K4: 6509.25 | L4: 5753 | M4: 5298.75 | N4: 76559.125 | P4: =AND(A4>=(TODAY()-30),A4<TODAY()) -> FALSE | Q4: 21671.5 | R4: 29951.625 | S4: 24936
A5: 43284 | B5: 9861 | C5: 4214 | D5: 6962.5 | E5: 5698 | F5: 8247 | G5: 102.5 | H5: 9707.375 | I5: 4120.25 | J5: 7046.75 | K5: 6217.25 | L5: 5587.75 | M5: 5273.5 | N5: 73037.875 | P5: =AND(A5>=(TODAY()-30),A5<TODAY()) -> FALSE | Q5: 21037.5 | R5: 27875.125 | S5: 24125.25
A6: 43285 | B6: 9726.5 | C6: 4040 | D6: 6785 | E6: 5523.5 | F6: 8138 | G6: 107 | H6: 9595.375 | I6: 4161.5 | J6: 6893.25 | K6: 6107.5 | L6: 5535.25 | M6: 5096.75 | N6: 71709.625 | P6: =AND(A6>=(TODAY()-30),A6<TODAY()) -> FALSE | Q6: 20551.5 | R6: 27525.375 | S6: 23632.75
A7: 43286 | B7: 9879.5 | C7: 4114 | D7: 6850 | E7: 5977.5 | F7: 8266 | G7: 103 | H7: 9769.625 | I7: 4437.25 | J7: 6944 | K7: 6139.5 | L7: 5597.25 | M7: 5213.25 | N7: 73290.875 | P7: =AND(A7>=(TODAY()-30),A7<TODAY()) -> FALSE | Q7: 20843.5 | R7: 28553.375 | S7: 23894
A8: 43287 | B8: 9949.25 | C8: 4234 | D8: 6955.5 | E8: 7198 | F8: 8602 | G8: 110 | H8: 9665.875 | I8: 4680.25 | J8: 7168.75 | K8: 6167 | L8: 5698 | M8: 5197.75 | N8: 75626.375 | P8: =AND(A8>=(TODAY()-30),A8<TODAY()) -> FALSE | Q8: 21138.75 | R8: 30256.125 | S8: 24231.5
A9: 43288 | B9: 10128.5 | C9: 4294 | D9: 7529 | E9: 7270 | F9: 8786 | G9: 93 | H9: 9902.375 | I9: 4701 | J9: 7387.75 | K9: 6413.75 | L9: 5857.75 | M9: 5343.75 | N9: 77706.875 | P9: =AND(A9>=(TODAY()-30),A9<TODAY()) -> FALSE | Q9: 21951.5 | R9: 30752.375 | S9: 25003
A10: 43289 | B10: 10130.5 | C10: 4191 | D10: 7441.5 | E10: 6764.5 | F10: 8583 | G10: 83.5 | H10: 9928.625 | I10: 4290 | J10: 7450.5 | K10: 6453.5 | L10: 5752.25 | M10: 5272.75 | N10: 76341.625 | P10: =AND(A10>=(TODAY()-30),A10<TODAY()) -> FALSE | Q10: 21763 | R10: 29649.625 | S10: 24929
A11: 43290 | B11: 10053 | C11: 4139 | D11: 6859 | E11: 6124 | F11: 8214 | G11: 82.5 | H11: 9511.75 | I11: 4066 | J11: 7054.75 | K11: 6078.5 | L11: 5603.5 | M11: 5189.5 | N11: 72975.5 | P11: =AND(A11>=(TODAY()-30),A11<TODAY()) -> FALSE | Q11: 21051 | R11: 27998.25 | S11: 23926.25
A12: 43291 | B12: 9888.75 | C12: 4129 | D12: 6923 | E12: 6333.5 | F12: 8253 | G12: 81 | H12: 9535.75 | I12: 4112.5 | J12: 7288.75 | K12: 6049.25 | L12: 5668.5 | M12: 5211.75 | N12: 73474.75 | P12: =AND(A12>=(TODAY()-30),A12<TODAY()) -> FALSE | Q12: 20940.75 | R12: 28315.75 | S12: 24218.25
A13: 43292 | B13: 9715.25 | C13: 4414 | D13: 6077.5 | E13: 6082.5 | F13: 8167 | G13: 89 | H13: 9562.375 | I13: 4108 | J13: 7092 | K13: 5984.75 | L13: 5578.5 | M13: 5024.5 | N13: 71895.375 | P13: =AND(A13>=(TODAY()-30),A13<TODAY()) -> FALSE | Q13: 20206.75 | R13: 28008.875 | S13: 23679.75
A14: 43293 | B14: 9688.75 | C14: 4342 | D14: 6250 | E14: 5926.5 | F14: 8245 | G14: 95 | H14: 9571.5 | I14: 4026.75 | J14: 7085.25 | K14: 6012 | L14: 5407.5 | M14: 5048.25 | N14: 71698.5 | P14: =AND(A14>=(TODAY()-30),A14<TODAY()) -> FALSE | Q14: 20280.75 | R14: 27864.75 | S14: 23553
... A429: 43708 | B429: 9202.5 | C429: 3073.5 | D429: 6561 | E429: 7372.4375 | F429: 8281.75 | G429: 45.5 | H429: 9290 | I429: 4250.5 | J429: 6398 | K429: 5565.5 | L429: 4568 | M429: 4558.5 | N429: 69167.188 | P429: =AND(A429>=(TODAY()-30),A429<TODAY()) -> FALSE | Q429: 18837 | R429: 29240.188 | S429: 21090
A430: 43709 | B430: 9160 | C430: 3224.875 | D430: 6327.5 | E430: 6467.1875 | F430: 8466.5 | G430: 48.5 | H430: 9260 | I430: 3998.5 | J430: 6367.5 | K430: 5581 | L430: 4487 | M430: 4332 | N430: 67720.562 | O430: 24.571429 | P430: =AND(A430>=(TODAY()-30),A430<TODAY()) -> FALSE | Q430: 18712.375 | R430: 28240.688 | S430: 20767.5
A431: 43710 | B431: 9189.5 | C431: 3112.75 | D431: 6003 | E431: 6409.5625 | F431: 8204.75 | G431: 46.5 | H431: 8954.5 | I431: 4202 | J431: 6244 | K431: 5264 | L431: 4484.5 | M431: 4255 | N431: 66370.062 | O431: 20.228571 | P431: =AND(A431>=(TODAY()-30),A431<TODAY()) -> FALSE | Q431: 18305.25 | R431: 27817.312 | S431: 20247.5
A432: 43711 | B432: 9033 | C432: 2883.375 | D432: 5822 | E432: 6575.8125 | F432: 7809.5 | G432: 56 | H432: 8678 | I432: 3772 | J432: 6082 | K432: 4935.5 | L432: 4320 | M432: 4112 | N432: 64079.188 | O432: 20.857143 | P432: =AND(A432>=(TODAY()-30),A432<TODAY()) -> FALSE | Q432: 17738.375 | R432: 26891.312 | S432: 19449.5
A433: 43712 | B433: 9060.5 | C433: 2882.5 | D433: 5767.5 | E433: 6175.1875 | F433: 7779.75 | G433: 51 | H433: 8570.5 | I433: 3649 | J433: 5824 | K433: 4946.5 | L433: 4284 | M433: 4108 | N433: 63098.438 | O433: 22.8 | P433: =AND(A433>=(TODAY()-30),A433<TODAY()) -> FALSE | Q433: 17710.5 | R433: 26225.438 | S433: 19162.5
A434: 43713 | B434: 9126.5 | C434: 3036.75 | D434: 5729.5 | E434: 6303.375 | F434: 7796 | G434: 48 | H434: 8516 | I434: 3499.5 | J434: 5880 | K434: 4972.5 | L434: 4324 | M434: 4113.5 | N434: 63345.625 | O434: 25.771429 | P434: =AND(A434>=(TODAY()-30),A434<TODAY()) -> FALSE | Q434: 17892.75 | R434: 26162.875 | S434: 19290
A435: 43714 | B435: 9096.5 | C435: 3007 | D435: 5955.5 | E435: 5992.5 | F435: 7613.25 | G435: 56.5 | H435: 8832.5 | I435: 3279 | J435: 5894 | K435: 5021 | L435: 4346.5 | M435: 4165 | N435: 63259.25 | O435: 24.628571 | P435: =AND(A435>=(TODAY()-30),A435<TODAY()) -> FALSE | Q435: 18059 | R435: 25773.75 | S435: 19426.5
A436: 43715 | B436: 8865.5 | C436: 3044.75 | D436: 6065 | E436: 6519.625 | F436: 7890.25 | G436: 62.5 | H436: 9200.5 | I436: 3561 | J436: 6122 | K436: 5299.5 | L436: 4405 | M436: 4311.5 | N436: 65347.125 | O436: 40.342857 | P436: =AND(A436>=(TODAY()-30),A436<TODAY()) -> FALSE | Q436: 17975.25 | R436: 27233.875 | S436: 20138
A437: 43716 | B437: 8721 | C437: 3140.625 | D437: 6290 | E437: 7044.5625 | F437: 8140.5 | G437: 65.5 | H437: 9076.5 | I437: 3542 | J437: 5973 | K437: 5309 | L437: 4346 | M437: 4319 | N437: 65967.688 | O437: 24.114286 | P437: =AND(A437>=(TODAY()-30),A437<TODAY()) -> FALSE | Q437: 18151.625 | R437: 27869.062 | S437: 19947
A438: 43717 | B438: 8619 | C438: 2979.375 | D438: 5704 | E438: 6243.5625 | F438: 7626 | G438: 70.5 | H438: 8807 | I438: 3254 | J438: 5749.5 | K438: 4942 | L438: 4357.5 | M438: 4227.5 | N438: 62579.938 | O438: 22.4 | P438: =AND(A438>=(TODAY()-30),A438<TODAY()) -> FALSE | Q438: 17302.375 | R438: 26001.062 | S438: 19276.5
A439: 43718 | B439: 8505.5 | C439: 2905 | D439: 5775.5 | E439: 6057.5625 | F439: 7563.75 | G439: 71 | H439: 8669 | I439: 3583 | J439: 5861.5 | K439: 4878.5 | L439: 4333 | M439: 4222 | N439: 62425.312 | O439: 22.057143 | P439: =AND(A439>=(TODAY()-30),A439<TODAY()) -> FALSE | Q439: 17186 | R439: 25944.312 | S439: 19295
A440: 43719 | B440: 8454.5 | C440: 2992.125 | D440: 5666.5 | E440: 6231.0625 | F440: 7485.25 | G440: 72 | H440: 8656 | I440: 3467.5 | J440: 5922.5 | K440: 4975 | L440: 4277.5 | M440: 4195.5 | N440: 62395.438 | O440: 25.085714 | P440: =AND(A440>=(TODAY()-30),A440<TODAY()) -> FALSE | Q440: 17113.125 | R440: 25911.812 | S440: 19370.5
A441: 43720 | B441: 8361 | C441: 3031.75 | D441: 5636 | E441: 6371.0625 | F441: 7540.25 | G441: 74.5 | H441: 8626 | I441: 3567.5 | J441: 5987 | K441: 5176 | L441: 4406.5 | M441: 4278 | N441: 63055.562 | O441: 33.371429 | P441: =AND(A441>=(TODAY()-30),A441<TODAY()) -> FALSE | Q441: 17028.75 | R441: 26179.312 | S441: 19847.5
... A628: 43907 | B628: 2656 | C628: 404 | D628: 617 | E628: 4448.875 | F628: 6001 | G628: 10.5 | H628: 6323.5 | I628: 2785.5 | J628: 2785.5 | K628: 1295 | L628: 1338.5 | M628: 1848 | N628: 30513.375 | O628: 0.8 | P628: =AND(A628>=(TODAY()-30),A628<TODAY()) -> FALSE | Q628: 3677 | R628: 19569.375 | S628: 7267
A629: 43908 | B629: 2660 | C629: 428.625 | D629: 639 | E629: 4425.125 | F629: 5978.5 | G629: 5.5 | H629: 6365 | I629: 2811 | J629: 2811 | K629: 1337.5 | L629: 1258.5 | M629: 1875 | N629: 30594.75 | O629: Loss | P629: =AND(A629>=(TODAY()-30),A629<TODAY()) -> FALSE | Q629: 3727.625 | R629: 19585.125 | S629: 7282
A630: 43909 | B630: 2761 | C630: 499.875 | D630: 629 | E630: 4313.125 | F630: 5832.5 | G630: 2.5 | H630: 6288 | I630: 2933.5 | J630: 2933.5 | K630: 1330 | L630: 1248 | M630: 1791 | N630: 30562 | O630: 0.7 | P630: =AND(A630>=(TODAY()-30),A630<TODAY()) -> FALSE | Q630: 3889.875 | R630: 19369.625 | S630: 7302.5
A631: 43910 | B631: 2688 | C631: 446.75 | D631: 619 | E631: 4350.125 | F631: 6017 | G631: 4 | H631: 6208.5 | I631: 2949.5 | J631: 2949.5 | K631: 1333.5 | L631: 1139.5 | M631: 1785.5 | N631: 30490.875 | O631: 0.7 | P631: =AND(A631>=(TODAY()-30),A631<TODAY()) -> FALSE | Q631: 3753.75 | R631: 19529.125 | S631: 7208
A632: 43911 | B632: 2607 | C632: 387.25 | D632: 534 | E632: 4316.25 | F632: 6317.5 | G632: 5 | H632: 6424.5 | I632: 2951.5 | J632: 2951.5 | K632: 1320 | L632: 1113 | M632: 1784.5 | N632: 30712 | O632: Loss | P632: =AND(A632>=(TODAY()-30),A632<TODAY()) -> FALSE | Q632: 3528.25 | R632: 20014.75 | S632: 7169
A633: 43912 | B633: 2545 | C633: 391.5 | D633: 571 | E633: 4243.125 | F633: 6162.5 | G633: 14 | H633: 6335.5 | I633: 2962.5 | J633: 2962.5 | K633: 1327.5 | L633: 1091.5 | M633: 1759 | N633: 30365.625 | O633: 1 | P633: =AND(A633>=(TODAY()-30),A633<TODAY()) -> FALSE | Q633: 3507.5 | R633: 19717.625 | S633: 7140.5
A634: 43913 | B634: 2640 | C634: 475.5 | D634: 554 | E634: 4236.25 | F634: 5939 | G634: 20.5 | H634: 6167.5 | I634: 2903 | J634: 2903 | K634: 1326.5 | L634: 1227 | M634: 1827.5 | N634: 30219.75 | O634: 0.9 | P634: =AND(A634>=(TODAY()-30),A634<TODAY()) -> FALSE | Q634: 3669.5 | R634: 19266.25 | S634: 7284
A635: 43914 | B635: 2695 | C635: 521.125 | D635: 560 | E635: 4296 | F635: 5692.5 | G635: 22.5 | H635: 6157.5 | I635: 2847 | J635: 2847 | K635: 1322 | L635: 1108 | M635: 1824 | N635: 29892.625 | O635: 0.7 | P635: =AND(A635>=(TODAY()-30),A635<TODAY()) -> FALSE | Q635: 3776.125 | R635: 19015.5 | S635: 7101
A636: 43915 | B636: 2637 | C636: 493.625 | D636: 562 | E636: 4327.875 | F636: 5661.5 | G636: 23 | H636: 6172.5 | I636: 2771.5 | J636: 2771.5 | K636: 1330 | L636: 1091 | M636: 1750 | N636: 29591.5 | O636: 0.5 | P636: =AND(A636>=(TODAY()-30),A636<TODAY()) -> FALSE | Q636: 3692.625 | R636: 18956.375 | S636: 6942.5
A637: 43916 | B637: 2608 | C637: 490.5 | D637: 555 | E637: 4318.375 | F637: 5827.5 | G637: 23.5 | H637: 6187.5 | I637: 2814.5 | J637: 2814.5 | K637: 1331 | L637: 1068 | M637: 1769 | N637: 29807.375 | O637: 0.9 | P637: =AND(A637>=(TODAY()-30),A637<TODAY()) -> FALSE | Q637: 3653.5 | R637: 19171.375 | S637: 6982.5
A638: 43917 | B638: 2628 | C638: 520.75 | D638: 565 | E638: 4410.375 | F638: 5878 | G638: 25 | H638: 6250.5 | I638: 2844 | J638: 2844 | K638: 1336.5 | L638: 1118 | M638: 1815 | N638: 30235.125 | O638: 1.3 | P638: =AND(A638>=(TODAY()-30),A638<TODAY()) -> FALSE | Q638: 3713.75 | R638: 19407.875 | S638: 7113.5
A639: 43918 | B639: 2639 | C639: 507.875 | D639: 570 | E639: 4274.375 | F639: 6207 | G639: 22.5 | H639: 6306.5 | I639: 2864 | J639: 2782.0741 | K639: 1326 | L639: 1113 | M639: 1820 | N639: 29054.25 | O639: 0.9 | P639: =AND(A639>=(TODAY()-30),A639<TODAY()) -> FALSE | Q639: 3716.875 | R639: 19674.375 | S639: 7041.0741
A640: 43919 | B640: 2603 | C640: 472.875 | D640: 550 | E640: 4293.375 | F640: 6125 | G640: 8.5 | H640: 6333.5 | I640: 3024.5 | J640: 2782.0741 | K640: 1321 | L640: 1095.5 | M640: 1811 | N640: 30662.75 | O640: 0.9 | P640: =AND(A640>=(TODAY()-30),A640<TODAY()) -> FALSE | Q640: 3625.875 | R640: 19784.875 | S640: 7009.5741
A641: 43920 | B641: 2556 | C641: 383.25 | D641: 557 | E641: 4307.875 | F641: 5524 | G641: 4 | H641: 6099 | I641: 2769 | J641: 2782.0741 | K641: 1313.5 | L641: 1089.5 | M641: 1930 | N641: 29302.125 | O641: 0.9 | P641: =AND(A641>=(TODAY()-30),A641<TODAY()) -> FALSE | Q641: 3496.25 | R641: 18703.875 | S641: 7115.0741
A642: 43921 | B642: 2503 | C642: 331.75 | D642: 539 | E642: 4334.125 | F642: 5799.5 | G642: 3 | H642: 6042.5 | I642: 2681 | J642: 2782.0741 | K642: 1315 | L642: 1140 | M642: 1880.5 | N642: 29250.375 | O642: 0.5 | P642: =AND(A642>=(TODAY()-30),A642<TODAY()) -> FALSE | Q642: 3373.75 | R642: 18860.125 | S642: 7117.5741
A643: 43922 | B643: 2411 | C643: 336.875 | D643: 539 | E643: 4372.625 | F643: 5945 | G643: 0 | H643: 6016.5 | I643: 2643 | J643: 2782.0741 | K643: 1229 | L643: 1124 | M643: 1782.5 | N643: 29042.5 | O643: 0.4 | P643: =AND(A643>=(TODAY()-30),A643<TODAY()) -> FALSE | Q643: 3286.875 | R643: 18977.125 | S643: 6917.5741
A644: 43923 | B644: 2486 | C644: 347 | D644: 560 | E644: 4383 | F644: 5693 | G644: 1 | H644: 6053.5 | I644: 2659.5 | J644: 2782.0741 | K644: 1344.2778 | L644: 161.5 | M644: 261.5 | N644: 27925 | O644: 0.5 | P644: =AND(A644>=(TODAY()-30),A644<TODAY()) -> FALSE | Q644: 3393 | R644: 18790 | S644: 4549.3519
... A698: 43977 | B698: 898 | C698: 898 | D698: 454 | E698: 4888.25 | F698: 6237 | G698: 45.5 | H698: 7863.5 | I698: 3451.5 | J698: 3451.5 | K698: 1507.5 | L698: 928 | M698: 1635 | N698: 32257.75 | O698: 2.4 | P698: =AND(A698>=(TODAY()-30),A698<TODAY()) -> FALSE | Q698: 2250 | R698: 22485.75 | S698: 7522
A699: 43978 | D699: 470 | E699: 4943 | F699: 6573 | G699: 45.5 | H699: 7759.5 | I699: 3276.5 | J699: 3276.5 | K699: 1613 | L699: 955 | M699: 1662 | N699: 30574 | O699: 2.6 | P699: =AND(A699>=(TODAY()-30),A699<TODAY()) -> FALSE | Q699: 470 | R699: 22597.5 | S699: 7506.5
A700: 43979 | D700: 467 | E700: 4884.75 | F700: 6605.5 | G700: 50 | H700: 7988 | I700: 3484.5 | J700: 3484.5 | K700: 1661 | L700: 1087 | M700: 1705.5 | N700: 31417.75 | O700: 4.3 | P700: =AND(A700>=(TODAY()-30),A700<TODAY()) -> FALSE | Q700: 467 | R700: 23012.75 | S700: 7938
A701: 43980 | D701: 474 | E701: 5020 | F701: 7171.5 | G701: 53 | H701: 8684.5 | I701: 3909 | J701: 3909 | K701: 1650.5 | L701: 1304.5 | M701: 1754 | N701: 33930 | O701: 12.6 | P701: =AND(A701>=(TODAY()-30),A701<TODAY()) -> FALSE | Q701: 474 | R701: 24838 | S701: 8618
A702: 43981 | D702: 471 | E702: 4984.75 | F702: 7860.5 | G702: 41.5 | H702: 9267 | I702: 4255.5 | J702: 4255.5 | K702: 1605 | L702: 1294 | M702: 1756 | N702: 35790.75 | O702: 14.5 | P702: =AND(A702>=(TODAY()-30),A702<TODAY()) -> FALSE | Q702: 471 | R702: 26409.25 | S702: 8910.5
A703: 43982 | B703: 2090 | C703: 413.625 | D703: 476 | E703: 4869.5 | F703: 8141 | G703: 58 | H703: 8915 | I703: 3932.5 | J703: 1754.5 | K703: 1584 | L703: 1342.5 | M703: 1795.5 | N703: 35372.125 | O703: 10.1 | P703: =AND(A703>=(TODAY()-30),A703<TODAY()) -> FALSE | Q703: 2979.625 | R703: 25916 | S703: 6476.5
A704: 43983 | B704: 1955 | C704: 403.75 | D704: 467 | E704: 4868.75 | F704: 6787 | G704: 66 | H704: 8474.5 | I704: 3476 | J704: 2241 | K704: 1655 | L704: 1547 | M704: 1833.5 | N704: 33774.5 | O704: 3.6 | P704: =AND(A704>=(TODAY()-30),A704<TODAY()) -> FALSE | Q704: 2825.75 | R704: 23672.25 | S704: 7276.5
A705: 43984 | B705: 2005 | C705: 386.75 | D705: 459 | E705: 5492 | F705: 6476 | G705: 57 | H705: 8112.5 | I705: 3500.5 | J705: 2609 | K705: 1750.5 | L705: 1577.5 | M705: 1837.5 | N705: 34263.25 | O705: 4.3 | P705: =AND(A705>=(TODAY()-30),A705<TODAY()) -> FALSE | Q705: 2850.75 | R705: 23638 | S705: 7774.5
A706: 43985 | B706: 1993 | C706: 410.25 | D706: 437 | E706: 5318.5 | F706: 6578 | G706: 64 | H706: 8015 | I706: 3430 | J706: 2361.5 | K706: 2291.5 | L706: 1738.5 | M706: 1883 | N706: 34520.25 | O706: 3.7 | P706: =AND(A706>=(TODAY()-30),A706<TODAY()) -> FALSE | Q706: 2840.25 | R706: 23405.5 | S706: 8274.5
A707: 43986 | B707: 1972 | C707: 431.25 | D707: 441 | E707: 5257.5 | F707: 6641.5 | G707: 64 | H707: 8154.5 | I707: 3622 | J707: 2254 | K707: 2461 | L707: 1699.5 | M707: 1882 | N707: 34880.25 | O707: 5.1 | P707: =AND(A707>=(TODAY()-30),A707<TODAY()) -> FALSE | Q707: 2844.25 | R707: 23739.5 | S707: 8296.5
A708: 43987 | B708: 1975 | C708: 428.375 | D708: 491 | E708: 5625.25 | F708: 7281.5 | G708: 68.5 | H708: 8904.5 | I708: 3941.5 | J708: 2274 | K708: 2184.5 | L708: 1650 | M708: 1918 | N708: 36742.125 | O708: 13.8 | P708: =AND(A708>=(TODAY()-30),A708<TODAY()) -> FALSE | Q708: 2894.375 | R708: 25821.25 | S708: 8026.5
A709: 43988 | B709: 2004 | C709: 404.5 | D709: 428 | E709: 5570 | F709: 8076 | G709: 48 | H709: 9213.5 | I709: 4225 | J709: 2291 | K709: 2199 | L709: 1633 | M709: 1913.5 | N709: 38005.5 | O709: 14.9 | P709: =AND(A709>=(TODAY()-30),A709<TODAY()) -> FALSE | Q709: 2836.5 | R709: 27132.5 | S709: 8036.5
A710: 43989 | B710: 1952 | C710: 522 | D710: 426 | E710: 5876 | F710: 8132.5 | G710: 45 | H710: 8911.5 | I710: 4157 | J710: 2145.5 | K710: 2242 | L710: 1614.5 | M710: 1917 | N710: 37941 | O710: 10.5 | P710: =AND(A710>=(TODAY()-30),A710<TODAY()) -> FALSE | Q710: 2900 | R710: 27122 | S710: 7919
A711: 43990 | B711: 1871 | C711: 457.5 | D711: 444 | E711: 5329 | F711: 6830 | G711: 50 | H711: 8219.5 | I711: 3717.5 | J711: 2105 | K711: 2211 | L711: 1634 | M711: 1926.5 | N711: 34795 | O711: 3.5 | P711: =AND(A711>=(TODAY()-30),A711<TODAY()) -> FALSE | Q711: 2772.5 | R711: 24146 | S711: 7876.5
A712: 43991 | B712: 1765 | C712: 373.5 | D712: 444 | E712: 5365.25 | F712: 6544 | G712: 48.5 | H712: 8055.5 | I712: 3519 | J712: 2904 | K712: 2451.5 | L712: 2009.5 | M712: 1924 | N712: 35403.75 | O712: 4.6 | P712: =AND(A712>=(TODAY()-30),A712<TODAY()) -> FALSE | Q712: 2582.5 | R712: 23532.25 | S712: 9289
A713: 43992 | B713: 1739 | C713: 379.125 | D713: 446 | E713: 5049.25 | F713: 6566 | G713: 55.5 | H713: 8085.5 | I713: 3715 | J713: 3987.5 | K713: 3061.5 | L713: 2643 | M713: 1944.5 | N713: 37671.875 | O713: 3.9 | P713: =AND(A713>=(TODAY()-30),A713<TODAY()) -> FALSE | Q713: 2564.125 | R713: 23471.25 | S713: 11636.5
A714: 43993 | B714: 1799 | C714: 391.625 | D714: 455 | E714: 5456.5 | F714: 6682.5 | G714: 66.5 | H714: 8092 | I714: 3789.5 | J714: 4146.5 | K714: 3302.5 | L714: 2956 | M714: 2010.5 | N714: 39148.125 | O714: 6.25 | P714: =AND(A714>=(TODAY()-30),A714<TODAY()) -> FALSE | Q714: 2645.625 | R714: 24087 | S714: 12415.5
... A1056: 44335 | B1056: 1838 | C1056: 371.25 | D1056: 379.73 | E1056: 5890.75 | F1056: 8052.5 | G1056: 70 | H1056: 8777.6875 | I1056: 3988.5 | J1056: 5870 | K1056: 5051 | L1056: 4081 | M1056: 4134 | N1056: 48504.418 | O1056: 24.3 | P1056: =AND(A1056>=(TODAY()-30),A1056<TODAY()) -> FALSE | Q1056: 2588.98 | R1056: 26779.438 | S1056: 19136
A1057: 44336 | B1057: 1818.0246 | C1057: 372 | D1057: 370.49 | E1057: 5670.5 | F1057: 8090 | G1057: 68.5 | H1057: 8742.75 | I1057: 3910.5 | J1057: 5094 | K1057: 4290 | L1057: 3683 | M1057: 3640.5 | N1057: =SUM(B1057:M1057) -> 45750.265 | O1057: 18.2 | P1057: =AND(A1057>=(TODAY()-30),A1057<TODAY()) -> FALSE | Q1057: 2560.5146 | R1057: 26482.25 | S1057: 16707.5
A1058: 44337 | B1058: 1960.173 | C1058: 376 | D1058: 372.83 | E1058: 5607.25 | F1058: 8119 | G1058: 85 | H1058: 8784.375 | I1058: 3977 | J1058: 5321 | K1058: 4623 | L1058: 4245 | M1058: 4020 | N1058: 47490.628 | O1058: 36.4 | P1058: =AND(A1058>=(TODAY()-30),A1058<TODAY()) -> FALSE | Q1058: 2709.003 | R1058: 26572.625 | S1058: 18209
A1059: 44338 | B1059: 1876.6924 | C1059: 384.75 | D1059: 371.97 | E1059: 5657.75 | F1059: 8099 | G1059: 68.5 | H1059: 8860.5 | I1059: 3938.5 | J1059: 5916 | K1059: 5148 | L1059: 4471 | M1059: 4375.5 | N1059: 49168.162 | O1059: 38.6 | P1059: =AND(A1059>=(TODAY()-30),A1059<TODAY()) -> FALSE | Q1059: 2633.4124 | R1059: 26624.25 | S1059: 19910.5
A1060: 44339 | B1060: 1745.8071 | C1060: 401.75 | D1060: 371.42 | E1060: 5431.75 | F1060: 7958.5 | G1060: 71 | H1060: 8949 | I1060: 4000 | J1060: 5509 | K1060: 4192.5 | L1060: 3943 | M1060: 3729.5 | N1060: 46303.227 | O1060: 17.9 | P1060: =AND(A1060>=(TODAY()-30),A1060<TODAY()) -> FALSE | Q1060: 2518.9771 | R1060: 26410.25 | S1060: 17374
A1061: 44340 | B1061: 1851.521 | C1061: 402.5 | D1061: 363.66 | E1061: 5426.25 | F1061: 7678 | G1061: 64.5 | H1061: 8721.375 | I1061: 3991.5 | J1061: 2702 | K1061: 2022 | L1061: 2755.5 | M1061: 2452 | N1061: 38430.806 | O1061: 16.5 | P1061: =AND(A1061>=(TODAY()-30),A1061<TODAY()) -> FALSE | Q1061: 2617.681 | R1061: 25881.625 | S1061: 9931.5
A1062: 44341 | B1062: 1778.1914 | C1062: 397.75 | D1062: 363.92 | E1062: 5265.25 | F1062: 7571 | G1062: 63.5 | H1062: 8808.125 | I1062: 3726.5 | J1062: 2518 | K1062: 1905 | L1062: 2571 | M1062: 2265.5 | N1062: 37233.736 | O1062: 17.4 | P1062: =AND(A1062>=(TODAY()-30),A1062<TODAY()) -> FALSE | Q1062: 2539.8614 | R1062: 25434.375 | S1062: 9259.5
A1063: 44342 | B1063: 1793.4385 | C1063: 396.25 | D1063: 373.15 | E1063: 5591.75 | F1063: 7633 | G1063: 73 | H1063: 8672 | I1063: 3718.5 | J1063: 3234 | K1063: 2031.5 | L1063: 2543.5 | M1063: 2309 | N1063: 38369.088 | O1063: 17.4 | P1063: =AND(A1063>=(TODAY()-30),A1063<TODAY()) -> FALSE | Q1063: 2562.8385 | R1063: 25688.25 | S1063: 10118
A1064: 44343 | B1064: 1788.3525 | C1064: 401.5 | D1064: 383.27 | E1064: 5252.25 | F1064: 7528 | G1064: 69 | H1064: 8779 | I1064: 3851 | J1064: 3340 | K1064: 2063.5 | L1064: 2740 | M1064: 2420.5 | N1064: 38616.373 | O1064: 17.1 | P1064: =AND(A1064>=(TODAY()-30),A1064<TODAY()) -> FALSE | Q1064: 2573.1225 | R1064: 25479.25 | S1064: 10564
A1065: 44344 | B1065: 1958.3838 | C1065: 401.75 | D1065: 381.49 | E1065: 5768.25 | F1065: 7516.5 | G1065: 71 | H1065: 8726 | I1065: 4095.5 | J1065: 5221 | K1065: 4159.5 | L1065: 3747 | M1065: 3713 | N1065: 45759.374 | O1065: 37 | P1065: =AND(A1065>=(TODAY()-30),A1065<TODAY()) -> FALSE | Q1065: 2741.6238 | R1065: 26177.25 | S1065: 16840.5
A1066: 44345 | B1066: 1845.9648 | C1066: 411.25 | D1066: 372.23 | E1066: 6084.5 | F1066: 7790 | G1066: 74.5 | H1066: 8842.5 | I1066: 4028 | J1066: 6038 | K1066: 5128.5 | L1066: 4357 | M1066: 4302 | N1066: 49274.445 | O1066: 36.7 | P1066: =AND(A1066>=(TODAY()-30),A1066<TODAY()) -> FALSE | Q1066: 2629.4448 | R1066: 26819.5 | S1066: 19825.5
A1067: 44346 | B1067: 1705.2246 | C1067: 473.5 | D1067: 368.29 | E1067: 5755.5 | F1067: 7725 | G1067: 73 | H1067: 8832.75 | I1067: 4089 | J1067: 5480 | K1067: 4197 | L1067: 3891.5 | M1067: 3652 | N1067: 46242.765 | O1067: 18.3 | P1067: =AND(A1067>=(TODAY()-30),A1067<TODAY()) -> FALSE | Q1067: 2547.0146 | R1067: 26475.25 | S1067: 17220.5
A1068: 44347 | B1068: 1884.2461 | C1068: 446.5 | D1068: 367.6 | E1068: 5680 | F1068: 7457 | G1068: 67 | H1068: 8723.25 | I1068: 3792.5 | J1068: 2649 | K1068: 2058 | L1068: 2527.5 | M1068: 2466.5 | N1068: 38119.096 | O1068: 18.3 | P1068: =AND(A1068>=(TODAY()-30),A1068<TODAY()) -> FALSE | Q1068: 2698.3461 | R1068: 25719.75 | S1068: 9701
A1069: 44348 | B1069: 1931.752 | C1069: 384 | D1069: 353.66 | E1069: 5410 | F1069: 7617 | G1069: 52 | H1069: 8606.75 | I1069: 3748.5 | J1069: 2381 | K1069: 2006.5 | L1069: 2154.5 | M1069: 2295 | N1069: 36940.662 | O1069: 14.7 | P1069: =AND(A1069>=(TODAY()-30),A1069<TODAY()) -> FALSE | Q1069: 2669.412 | R1069: 25434.25 | S1069: 8837
... A1160: 44439 | B1160: 1905.0156 | C1160: 240.75 | D1160: 277.63 | E1160: 5537.5 | F1160: 7807 | G1160: 48.5 | H1160: 8622.125 | I1160: 3732.5 | J1160: 6063 | K1160: 4534 | L1160: 4297 | M1160: 3836.5 | N1160: 46901.521 | O1160: 9.1 | P1160: =AND(A1160>=(TODAY()-30),A1160<TODAY()) -> FALSE | Q1160: 2423.3956 | R1160: 25747.625 | S1160: 18730.5
A1161: 44440 | B1161: 1936.5469 | C1161: 243.5 | D1161: 286.62 | E1161: 5527 | F1161: 7764 | G1161: 44.5 | H1161: 8488 | I1161: 3794.5 | J1161: 3211 | K1161: 2691 | L1161: 3034 | M1161: 2729 | N1161: 39749.667 | O1161: 15.5. | P1161: =AND(A1161>=(TODAY()-30),A1161<TODAY()) -> FALSE | Q1161: 2466.6669 | R1161: 25618 | S1161: 11665
A1162: 44441 | B1162: 1963.1406 | C1162: 250.5 | D1162: 288.54 | E1162: 5727 | F1162: 8150 | G1162: 55 | H1162: 8724.125 | I1162: 3875 | J1162: 3875 | K1162: 2646.5 | L1162: 3050.5 | M1162: 2729 | N1162: 41334.306 | O1162: 16.2 | P1162: =AND(A1162>=(TODAY()-30),A1162<TODAY()) -> FALSE | Q1162: 2502.1806 | R1162: 26531.125 | S1162: 12301
A1163: 44442 | B1163: 1963.1094 | C1163: 259.25 | D1163: 289.84 | E1163: 5451.5 | F1163: 8074.5 | G1163: 59.5 | H1163: 8679.125 | I1163: 4025.5 | J1163: 5650 | K1163: 4339.5 | L1163: 4109 | M1163: 3844 | N1163: 46744.824 | O1163: 38.9 | P1163: =AND(A1163>=(TODAY()-30),A1163<TODAY()) -> FALSE | Q1163: 2512.1994 | R1163: 26290.125 | S1163: 17942.5
A1164: 44443 | B1164: 1898.0156 | C1164: 258 | D1164: 282.08 | E1164: 5425 | F1164: 8354.5 | G1164: 59.5 | H1164: 8829 | I1164: 4068.5 | J1164: 6391 | K1164: 5468 | L1164: 4520 | M1164: 4432.5 | N1164: 49986.096 | O1164: 36.2 | P1164: =AND(A1164>=(TODAY()-30),A1164<TODAY()) -> FALSE | Q1164: 2438.0956 | R1164: 26736.5 | S1164: 20811.5
A1165: 44444 | B1165: 1813.0156 | C1165: 258.5 | D1165: 280.77 | E1165: 5810.5 | F1165: 8179.5 | G1165: 61 | H1165: 8572 | I1165: 3911.5 | J1165: 6143 | K1165: 5267 | L1165: 4567.5 | M1165: 4430 | N1165: 49294.286 | O1165: 25 | P1165: =AND(A1165>=(TODAY()-30),A1165<TODAY()) -> FALSE | Q1165: 2352.2856 | R1165: 26534.5 | S1165: 20407.5
A1166: 44445 | B1166: 1916.5781 | C1166: 257.25 | D1166: 284.68 | E1166: 6090.5 | F1166: 7927.5 | G1166: 65.5 | H1166: 8421.5 | I1166: 3930.5 | J1166: 5605 | K1166: 4411.5 | L1166: 4305 | M1166: 4129 | N1166: 47344.508 | O1166: 15.1 | P1166: =AND(A1166>=(TODAY()-30),A1166<TODAY()) -> FALSE | Q1166: 2458.5081 | R1166: 26435.5 | S1166: 18450.5
A1167: 44446 | B1167: 1894.0156 | C1167: 257.5 | D1167: 294.38 | E1167: 5784 | F1167: 7815 | G1167: 64.5 | H1167: 8656.125 | I1167: 4035 | J1167: 3952 | K1167: 2917 | L1167: 3026.5 | M1167: 3066.5 | N1167: 41762.521 | O1167: 15.8 | P1167: =AND(A1167>=(TODAY()-30),A1167<TODAY()) -> FALSE | Q1167: 2445.8956 | R1167: 26354.625 | S1167: 12962
A1168: 44447 | B1168: 1952.0469 | C1168: 259.25 | D1168: 293.93 | E1168: 5855 | F1168: 7941 | G1168: 66 | H1168: 8577.25 | I1168: 4024 | J1168: 5565 | K1168: 4564 | L1168: 4047 | M1168: 3738.5 | N1168: 46882.977 | O1168: 36.5 | P1168: =AND(A1168>=(TODAY()-30),A1168<TODAY()) -> FALSE | Q1168: 2505.2269 | R1168: 26463.25 | S1168: 17914.5
A1169: 44448 | B1169: 2009.3125 | C1169: 257.75 | D1169: 287.75 | E1169: 6120.5 | F1169: 8010.5 | G1169: 68 | H1169: 8730.625 | I1169: 4101.5 | J1169: 6586 | K1169: 5599 | L1169: 4665 | M1169: 4391 | N1169: 50826.938 | O1169: 38.9 | P1169: =AND(A1169>=(TODAY()-30),A1169<TODAY()) -> FALSE | Q1169: 2554.8125 | R1169: 27031.125 | S1169: 21241
A1170: 44449 | B1170: 1947.1875 | C1170: 265 | D1170: 288.75 | E1170: 5653 | F1170: 8080 | G1170: 69.5 | H1170: 8720.5 | I1170: 3949.5 | J1170: 6389 | K1170: 5358 | L1170: 4851.5 | M1170: 4521 | N1170: 50092.938 | O1170: 37.9 | P1170: =AND(A1170>=(TODAY()-30),A1170<TODAY()) -> FALSE | Q1170: 2500.9375 | R1170: 26472.5 | S1170: 21119.5
A1171: 44450 | B1171: 1932.9219 | C1171: 262.25 | D1171: 282.91 | E1171: 5609 | F1171: 8096.5 | G1171: 70.5 | H1171: 8882.375 | I1171: 4044.5 | J1171: 6395 | K1171: 5534.5 | L1171: 4796 | M1171: 4600 | N1171: 50506.457 | O1171: 39.5 | P1171: =AND(A1171>=(TODAY()-30),A1171<TODAY()) -> FALSE | Q1171: 2478.0819 | R1171: 26702.875 | S1171: 21325.5
A1172: 44451 | B1172: 1863.4375 | C1172: 265.5 | D1172: 287.56 | E1172: 5648.5 | F1172: 8263 | G1172: 81 | H1172: 8701.875 | I1172: 4061 | J1172: 6274 | K1172: 5563 | L1172: 4715 | M1172: 4430.5 | N1172: 50154.372 | O1172: 30.7 | P1172: =AND(A1172>=(TODAY()-30),A1172<TODAY()) -> FALSE | Q1172: 2416.4975 | R1172: 26755.375 | S1172: 20982.5
A1173: 44452 | B1173: 1990.4375 | C1173: 268.25 | D1173: 289.37 | E1173: 5834 | F1173: 7908.5 | G1173: 82 | H1173: 8618 | I1173: 3818.5 | J1173: 5824 | K1173: 4541 | L1173: 4303.5 | M1173: 3989 | N1173: 47466.558 | O1173: 14.5 | P1173: =AND(A1173>=(TODAY()-30),A1173<TODAY()) -> FALSE | Q1173: 2548.0575 | R1173: 26261 | S1173: 18657.5
... A2000: 45279 | B2000: 8535.25 | C2000: 3471.5 | D2000: 5685.41 | E2000: 5523 | F2000: 8012 | G2000: 135.98 | H2000: 9922 | I2000: 4541.875 | J2000: 7180.5 | K2000: 6160.25 | L2000: 5885.875 | M2000: 5518.5625 | N2000: 70572.202 | O2000: 100 | P2000: =AND(A2000>=(TODAY()-30),A2000<TODAY()) -> FALSE | Q2000: 17692.16 | R2000: 28134.855 | S2000: 24745.188
A2001: 45280 | B2001: 9042 | C2001: 3851.75 | D2001: =-9993948.3194043+9999999 -> 6050.6806 | E2001: 5301 | F2001: 7836 | G2001: 93.46 | H2001: 10421 | I2001: 4975.125 | J2001: 7547.5 | K2001: 6455.875 | L2001: 6060.375 | M2001: 5652.1875 | N2001: =-9926712.0469043+9999999 -> 73286.953 | O2001: 99.6 | P2001: =AND(A2001>=(TODAY()-30),A2001<TODAY()) -> FALSE | Q2001: 18944.431 | R2001: 28626.585 | S2001: 25715.938
A2002: 45281 | B2002: 9290.75 | C2002: 4504.75 | D2002: 6074.5068 | E2002: 5727 | F2002: 8052.5 | G2002: 89.77 | H2002: 10923 | I2002: 5235.875 | J2002: 8021 | K2002: 6751.875 | L2002: 6359 | M2002: 6113.3125 | N2002: 77143.339 | O2002: 99 | P2002: =AND(A2002>=(TODAY()-30),A2002<TODAY()) -> FALSE | Q2002: 19870.007 | R2002: 30028.145 | S2002: 27245.188
A2003: 45282 | B2003: 9488.25 | C2003: 4403.5 | D2003: 5948.8466 | E2003: 6047 | F2003: 8470 | G2003: 138.84 | H2003: 10818 | I2003: 5297.125 | J2003: 8359.5 | K2003: 7189.625 | L2003: 6838.125 | M2003: 6452.6875 | N2003: 79451.499 | O2003: 98.9 | P2003: =AND(A2003>=(TODAY()-30),A2003<TODAY()) -> FALSE | Q2003: 19840.597 | R2003: 30770.965 | S2003: 28839.938
A2004: 45283 | B2004: 9394.25 | C2004: 4869.25 | D2004: 6080.5971 | E2004: 6332 | F2004: 8704 | G2004: 137.07 | H2004: 11078 | I2004: 5294.5 | J2004: 8404.5 | K2004: 7660.375 | L2004: 7121 | M2004: 6948.5625 | N2004: 82024.105 | O2004: 99.6 | P2004: =AND(A2004>=(TODAY()-30),A2004<TODAY()) -> FALSE | Q2004: 20344.097 | R2004: 31545.57 | S2004: 30134.438
A2005: 45284 | B2005: 9278 | C2005: 4486.5 | D2005: 6123.3616 | E2005: 6896 | F2005: 8706.5 | G2005: 144.11 | H2005: 11033 | I2005: 5374.625 | J2005: 8541 | K2005: 7740 | L2005: 7020.75 | M2005: 6879.5625 | N2005: 82223.409 | O2005: 98.9 | P2005: =AND(A2005>=(TODAY()-30),A2005<TODAY()) -> FALSE | Q2005: 19887.862 | R2005: 32154.235 | S2005: 30181.312
A2006: 45285 | B2006: 8814 | C2006: 4033 | D2006: 5837.1859 | E2006: 6104 | F2006: 8614.5 | G2006: 149.87 | H2006: 10635 | I2006: 4974.5625 | J2006: 8182.5 | K2006: 7451.375 | L2006: 6824.5 | M2006: 6365.8125 | N2006: 77986.306 | O2006: 98.8 | P2006: =AND(A2006>=(TODAY()-30),A2006<TODAY()) -> FALSE | Q2006: 18684.186 | R2006: 30477.933 | S2006: 28824.188
A2007: 45286 | B2007: 8439.5 | C2007: 3669.5 | D2007: 5420.9405 | E2007: 5595 | F2007: 8553.5 | G2007: 146.16 | H2007: 10039 | I2007: 4336.5625 | J2007: 8074.5 | K2007: 6953.875 | L2007: 6499.375 | M2007: 5955.5625 | N2007: 73683.476 | O2007: 98.7 | P2007: =AND(A2007>=(TODAY()-30),A2007<TODAY()) -> FALSE | Q2007: 17529.941 | R2007: 28670.222 | S2007: 27483.312
A2008: 45287 | B2008: 8435.5 | C2008: 3444.25 | D2008: 4920.0044 | E2008: 5321 | F2008: 8136.5 | G2008: 141.47 | H2008: 9790 | I2008: 4134.5625 | J2008: 7621 | K2008: 6397.375 | L2008: 6080.375 | M2008: 5523.0625 | N2008: 69945.099 | O2008: 99.3 | P2008: =AND(A2008>=(TODAY()-30),A2008<TODAY()) -> FALSE | Q2008: 16799.754 | R2008: 27523.533 | S2008: 25621.812
A2009: 45288 | B2009: 8539 | C2009: 3299 | D2009: 4710.5941 | E2009: 6009 | F2009: 8041 | G2009: 145.95 | H2009: 9344 | I2009: 4145.5625 | J2009: 7473 | K2009: 5965.25 | L2009: 5662.875 | M2009: 5107.375 | N2009: 68442.607 | O2009: 99.5 | P2009: =AND(A2009>=(TODAY()-30),A2009<TODAY()) -> FALSE | Q2009: 16548.594 | R2009: 27685.513 | S2009: 24208.5
A2010: 45289 | B2010: 8579.75 | C2010: 2917.25 | D2010: 4939.0506 | E2010: 6347 | F2010: 8128 | G2010: 143.17 | H2010: 9349 | I2010: 4310.625 | J2010: 7305 | K2010: 5789.875 | L2010: 5505 | M2010: 4931.6875 | N2010: 68245.408 | O2010: 99 | P2010: =AND(A2010>=(TODAY()-30),A2010<TODAY()) -> FALSE | Q2010: 16436.051 | R2010: 28277.795 | S2010: 23531.562
...

Sheet Park
A1: Date | B1: SS201_TxA (kWh) | C1: SS201_TxB (kWh) | D1: SS201_TxC (kWh) | E1: SS202_TxA (kWh) | F1: SS202_TxB (kWh) | G1: SS203_TxA (kWh) | H1: SS203_TxB (kWh) | I1: SS203_TxC (kWh) | J1: SS204_TxA (kWh) | K1: SS204_TxB (kWh) | L1: SS206_TxA (kWh) | M1: SS206_TxB (kWh) | N1: SS207_TxA (kWh) | O1: SS207_TxB (kWh) | P1: SS208_HV 11kV (kWh) | Q1: SS208_TxA (kWh) | R1: SS207_HV 11kV (kWh) | S1: PTI.SS200_TxA (kWh) | T1: PTI.SS211_TxA (kWh) | U1: GLA.SS210_TxA (kWh) | V1: SS209_TxA (kWh) | W1: SS209_TxB (kWh) | X1: Total Power Consumption of ThemePark (kWh) | Y1: Temperature | Z1: Attendance | AA1: Remarks | AB1: 30 Days
A2: 43282 | B2: 15717 | C2: 7629 | D2: 6337.75 | E2: 11216 | F2: 14220 | G2: 11678.75 | H2: 12096.5 | I2: 8390.5 | J2: 9170.25 | K2: 3441 | L2: 9415 | M2: 7973.5 | N2: 5042.125 | O2: 8632 | P2: 217.78125 | Q2: 3167.5 | R2: 529 | S2: 1505 | T2: 818.5 | U2: 4189.5 | X2: 141386.66 | Y2: 30.6 | AB2: =AND(A2>=(TODAY()-30),A2<TODAY()) -> FALSE
A3: 43283 | B3: 15428.5 | C3: 8176 | D3: 6246.75 | E3: 11269 | F3: 13561.5 | G3: 11047.25 | H3: 12447 | I3: 6456.25 | J3: 8979.75 | K3: 3379 | L3: 9002.5 | M3: 8011 | N3: 4952.125 | O3: 8609.5 | P3: 178.59375 | Q3: 2975.5 | R3: 472.125 | S3: 1483 | T3: 706 | U3: 4121 | X3: 137502.34 | Y3: 29 | AB3: =AND(A3>=(TODAY()-30),A3<TODAY()) -> FALSE
A4: 43284 | B4: 15678 | C4: 8775 | D4: 6098.75 | E4: 12106 | F4: 14064 | G4: 10860.25 | H4: 12330.25 | I4: 8204.75 | J4: 9309.25 | K4: 3382.75 | L4: 9733.5 | M4: 8155.5 | N4: 5237 | O4: 8510.5 | P4: 190.375 | Q4: 3369.5 | R4: 499.75 | S4: 1499.5 | T4: 727.5 | U4: 5212 | X4: 143944.12 | Y4: 29.154167 | AB4: =AND(A4>=(TODAY()-30),A4<TODAY()) -> FALSE
A5: 43285 | B5: 15300.5 | C5: 8265 | D5: 6114.5 | E5: 10599 | F5: 14164 | G5: 10707.25 | H5: 11659.75 | I5: 8565 | J5: 9300 | K5: 3251.5 | L5: 9871.5 | M5: 8257.5 | N5: 5073.625 | O5: 8685 | P5: 209.8125 | Q5: 3105 | R5: 514 | S5: 1510.5 | T5: 708 | U5: 5325.5 | X5: 141186.94 | Y5: 30.134375 | AB5: =AND(A5>=(TODAY()-30),A5<TODAY()) -> FALSE
A6: 43286 | B6: 15382.5 | C6: 8523 | D6: 6147.25 | E6: 11221 | F6: 13880.25 | G6: 9939.25 | H6: 11976 | I6: 8402.75 | J6: 9433.25 | K6: 3403.5 | L6: 10327.5 | M6: 8173.5 | N6: 5280.25 | O6: 8664 | P6: 203.40625 | Q6: 3416 | R6: 515.75 | S6: 1478.5 | T6: 648.5 | U6: 5217 | X6: 142233.16 | Y6: 28.803125 | AB6: =AND(A6>=(TODAY()-30),A6<TODAY()) -> FALSE
A7: 43287 | B7: 15493.5 | C7: 8322 | D7: 6268.5 | E7: 10906 | F7: 14124.75 | G7: 10677.75 | H7: 11788.5 | I7: 7130.75 | J7: 9316.375 | K7: 3392.75 | L7: 9895.5 | M7: 8280.5 | N7: 5261.125 | O7: 8683.5 | P7: 215.5625 | Q7: 3181 | R7: 586.125 | S7: 1572 | T7: 725.5 | U7: 5450.5 | X7: 141272.19 | Y7: 30 | AB7: =AND(A7>=(TODAY()-30),A7<TODAY()) -> FALSE
A8: 43288 | B8: 15164.5 | C8: 7368 | D8: 6243.25 | E8: 10786 | F8: 13346.75 | G8: 11218.75 | H8: 10755 | I8: 7443.5 | J8: 8956 | K8: 3370 | L8: 9648 | M8: 8075 | N8: 5163.375 | O8: 8567.5 | P8: 219.09375 | Q8: 3034.5 | R8: 546.875 | S8: 1550 | T8: 688 | U8: 5014 | X8: 137158.09 | Y8: 29.1 | AB8: =AND(A8>=(TODAY()-30),A8<TODAY()) -> FALSE
A9: 43289 | B9: 15477.5 | C9: 7231 | D9: 6245.25 | E9: 10588 | F9: 13278.75 | G9: 12288.75 | H9: 10855 | I9: 5491.75 | J9: 8856 | K9: 3372.75 | L9: 9653.5 | M9: 7791.5 | N9: 5202.625 | O9: 8567.5 | P9: 233 | Q9: 3080.5 | R9: 586.25 | S9: 1506.5 | T9: 699.5 | U9: 4539.5 | X9: 135545.12 | Y9: 28.744792 | AB9: =AND(A9>=(TODAY()-30),A9<TODAY()) -> FALSE
A10: 43290 | B10: 15727 | C10: 8249 | D10: 6231.75 | E10: 10639 | F10: 13209.5 | G10: 10032.5 | H10: 12478.75 | I10: 7201.25 | J10: 8936.125 | K10: 3370 | L10: 9870 | M10: 8433 | N10: 5069 | O10: 8393 | P10: 229.875 | Q10: 3059.5 | R10: 570.125 | S10: 1437 | T10: 694.5 | U10: 5394 | X10: 139224.88 | Y10: 29.107292 | AB10: =AND(A10>=(TODAY()-30),A10<TODAY()) -> FALSE
A11: 43291 | B11: 15488 | C11: 8389 | D11: 6170.5 | E11: 10634 | F11: 13654 | G11: 10158.5 | H11: 12007.75 | I11: 7218.25 | J11: 9070.5 | K11: 3295.5 | L11: 10028 | M11: 8373 | N11: 5126.5 | O11: 8662 | P11: 226.875 | Q11: 3163 | R11: 570.375 | S11: 1421 | T11: 665.5 | U11: 5477 | X11: 139799.25 | Y11: 29.282474 | AB11: =AND(A11>=(TODAY()-30),A11<TODAY()) -> FALSE
A12: 43292 | B12: 15444 | C12: 8461 | D12: 6207 | E12: 10555 | F12: 13684.25 | G12: 9769.5 | H12: 13158.5 | I12: 6961 | J12: 9501.25 | K12: 3266 | L12: 10200 | M12: 8335 | N12: 5134.375 | O12: 8585 | P12: 224.03125 | Q12: 3211 | R12: 483 | S12: 1449 | T12: 731 | U12: 5456 | X12: 140815.91 | Y12: 29.856701 | AB12: =AND(A12>=(TODAY()-30),A12<TODAY()) -> FALSE
A13: 43293 | B13: 15394.5 | C13: 8393 | D13: 6211.75 | E13: 10593 | F13: 13891 | G13: 11677.25 | H13: 10125.25 | I13: 7443.25 | J13: 9504.125 | K13: 3305.25 | L13: 10328.5 | M13: 8407.5 | N13: 5107.75 | O13: 8799 | P13: 201.15625 | Q13: 3172 | R13: 592.625 | S13: 1499.5 | T13: 681 | U13: 5362 | X13: 140689.41 | Y13: 30.2 | AB13: =AND(A13>=(TODAY()-30),A13<TODAY()) -> FALSE
... A338: 43618 | B338: 13407 | C338: 9704 | D338: 5661.5 | E338: 10267 | F338: 9243.5 | G338: 12333 | H338: 9652.5 | I338: 7476.5 | J338: 8873.25 | K338: 3681.5 | L338: 8716.625 | M338: 6554 | N338: 5006 | O338: 9070.9688 | P338: 175.75 | Q338: 2923 | R338: 431.375 | S338: 1311.5 | T338: 747.5 | U338: 4493 | X338: 129729.47 | Y338: 25.9 | AB338: =AND(A338>=(TODAY()-30),A338<TODAY()) -> FALSE
A339: 43619 | B339: 14876 | C339: 9569 | D339: 5638 | E339: 10002.25 | F339: 9460 | G339: 11058 | H339: 9977.5 | I339: 7836 | J339: 9339.25 | K339: 3514.75 | L339: 9550.75 | M339: 7418 | N339: 4783.5 | O339: 8947.3125 | P339: 196.4375 | Q339: 2815 | R339: 408.25 | S339: 1352.5 | T339: 736 | U339: 5234 | X339: 132712.5 | Y339: Data Loss | AB339: =AND(A339>=(TODAY()-30),A339<TODAY()) -> FALSE
A340: 43620 | B340: 14531 | C340: 10207.75 | D340: 5546.5 | E340: 10464.25 | F340: 9926.5 | G340: 11690.5 | H340: 10209.5 | I340: 6934.5 | J340: 9446.75 | K340: 3820.5 | L340: 9968.5 | M340: 7401 | N340: 5010 | O340: 9179.5312 | P340: 178.5 | Q340: 2822.5 | R340: 339.125 | S340: 1376 | T340: 688 | U340: 5223 | X340: 134963.91 | Y340: Data Loss | AB340: =AND(A340>=(TODAY()-30),A340<TODAY()) -> FALSE
A341: 43621 | B341: 15112 | C341: 9873.25 | D341: 5761 | E341: 10356 | F341: 11914.5 | G341: 11583 | H341: 11068.5 | I341: 6942.5 | J341: 9586.5 | K341: 3299.25 | L341: 10009.625 | M341: 7587 | N341: 5196.75 | O341: 9202.9062 | P341: 191.8125 | Q341: 2877 | R341: 442.5 | S341: 1540.5 | T341: 773.5 | U341: 5669 | X341: 138987.09 | Y341: 29.420619 | AB341: =AND(A341>=(TODAY()-30),A341<TODAY()) -> FALSE
A342: 43622 | B342: 15892 | C342: 9896.5 | D342: 5609.5 | E342: 10557.25 | F342: 13415 | G342: 11941.5 | H342: 10360 | I342: 8021 | J342: 9755.5 | K342: 3805.75 | L342: 10315.875 | M342: 7744 | N342: 5227.75 | O342: 9487.5938 | P342: 213.5 | Q342: 3066.5 | R342: 534.75 | S342: 1567 | T342: 770.5 | U342: 5617 | X342: 143798.47 | Y342: 30.430928 | AB342: =AND(A342>=(TODAY()-30),A342<TODAY()) -> FALSE
A343: 43623 | B343: 15572 | C343: 9874.25 | D343: 5896 | E343: 10776 | F343: 13320.5 | G343: 12601 | H343: 11279.5 | I343: 7970 | J343: 9608 | K343: 3450 | L343: 9672.125 | M343: 7735 | N343: 5408.75 | O343: 9578.4688 | P343: 244.3125 | Q343: 3151 | R343: 612.25 | S343: 1590 | T343: 832 | U343: 4947 | X343: 144118.16 | Y343: 30.8 | AB343: =AND(A343>=(TODAY()-30),A343<TODAY()) -> FALSE
A344: 43624 | B344: 15958 | C344: 8956.25 | D344: 6067 | E344: 10739.5 | F344: 13602 | G344: 11973 | H344: 11186.5 | I344: 9049.5 | J344: 9419.25 | K344: 3377 | L344: 9247.875 | M344: 7900 | N344: 5426.25 | O344: 9574.4375 | P344: 247.8125 | Q344: 3194 | R344: 601.75 | S344: 1571.5 | T344: 795 | U344: 5274 | X344: 144160.62 | Y344: 31.6 | AB344: =AND(A344>=(TODAY()-30),A344<TODAY()) -> FALSE
A345: 43625 | B345: 14859 | C345: 9269.5 | D345: 5868 | E345: 10416.25 | F345: 13486.5 | G345: 10677.5 | H345: 11786 | I345: 8300 | J345: 9290.25 | K345: 3335 | L345: 8774 | M345: 7456 | N345: 5382 | O345: 9297.75 | P345: 210 | Q345: 3184.5 | R345: 480.375 | S345: 1627 | T345: 779.5 | U345: 4913 | X345: 139392.12 | Y345: 31.8 | AB345: =AND(A345>=(TODAY()-30),A345<TODAY()) -> FALSE
A346: 43626 | B346: 15216 | C346: 9559.25 | D346: 5759 | E346: 10094.5 | F346: 12716.5 | G346: 10517 | H346: 11328 | I346: 7353 | J346: 9470 | K346: 3218.25 | L346: 9782 | M346: 7819 | N346: 5129.25 | O346: 9124.375 | P346: 178.625 | Q346: 2886 | R346: 432 | S346: 1535.5 | T346: 792.5 | U346: 5449 | X346: 138359.75 | Y346: 29.2 | AB346: =AND(A346>=(TODAY()-30),A346<TODAY()) -> FALSE
A347: 43627 | B347: 14218 | C347: 10615.5 | D347: 5289 | E347: 10289.75 | F347: 11610.5 | G347: 11458.5 | H347: 9428.5 | I347: 7504 | J347: 9191 | K347: 3497 | L347: 10433.125 | M347: 7488 | N347: 5032.25 | O347: 9109.75 | P347: 159.5 | Q347: 2997 | R347: 368.75 | S347: 1445 | T347: 832.5 | U347: 5243 | X347: 136210.62 | Y347: 27.006186 | AB347: =AND(A347>=(TODAY()-30),A347<TODAY()) -> FALSE
A348: 43628 | B348: 14751 | C348: 9739.25 | D348: 5178.5 | E348: 9941.5 | F348: 11656.5 | G348: 7931 | H348: 12037.5 | I348: 7948 | J348: 9526.5 | K348: 3291.5 | L348: 10058.25 | M348: 7175 | N348: 4989.25 | O348: 9046.75 | P348: 176.0625 | Q348: 2945.5 | R348: 402.875 | S348: 1426.5 | T348: 775 | U348: 5251 | X348: 134247.44 | Y348: 27.55567 | AB348: =AND(A348>=(TODAY()-30),A348<TODAY()) -> FALSE
A349: 43629 | B349: 14794 | C349: 10012.5 | D349: 5130.5 | E349: 10443.75 | F349: 10952 | G349: 7861 | H349: 11154 | I349: 8402 | J349: 9556.25 | K349: 3596.5 | L349: 9819.875 | M349: 7114 | N349: 4919.5 | O349: 9108.5 | P349: 130.625 | Q349: 3065.5 | R349: 318 | S349: 1375.5 | T349: 710.5 | U349: 5045 | X349: 133509.5 | Y349: 27.330928 | AB349: =AND(A349>=(TODAY()-30),A349<TODAY()) -> FALSE
A350: 43630 | B350: 14734 | C350: 10145.5 | D350: 5407 | E350: 10928.25 | F350: 12034.5 | G350: 7881 | H350: 11930.5 | I350: 8759.5 | J350: 9363.5 | K350: 3252 | L350: 10070.25 | M350: 7623 | N350: 5159.25 | O350: 8917.9375 | P350: 203.6875 | Q350: 3103 | R350: 497.125 | S350: 1339.5 | T350: 866.5 | U350: 5323 | X350: 137539 | Y350: 29.2 | AB350: =AND(A350>=(TODAY()-30),A350<TODAY()) -> FALSE
A351: 43631 | B351: 15082 | C351: 9186.25 | D351: 6016 | E351: 10605 | F351: 12313 | G351: 8500 | H351: 10967 | I351: 10466.5 | J351: 9504.5 | K351: 3405.75 | L351: 9948.25 | M351: 7487 | N351: 5203.75 | O351: 9250 | P351: 209.8125 | Q351: 3183.5 | R351: 515.5 | S351: 1358 | T351: 1069.5 | U351: 5108 | X351: 139379.31 | Y351: 30.2 | AB351: =AND(A351>=(TODAY()-30),A351<TODAY()) -> FALSE
A352: 43632 | B352: 15123.122 | C352: 9111.25 | D352: 5980 | E352: 10759.75 | F352: 12336 | G352: 8274.5 | H352: 12758 | I352: 8668 | J352: 9436.5 | K352: 3499.75 | L352: 9531.75 | M352: 6997 | N352: 5120.5 | O352: 9142.125 | P352: 188.125 | Q352: 3266 | R352: 460.25 | S352: 1354.5 | T352: 1002.5 | U352: 4632 | X352: 137641.62 | Y352: 30.1 | AB352: =AND(A352>=(TODAY()-30),A352<TODAY()) -> FALSE
... A397: 43677 | B397: 11971.188 | C397: 8540.5 | D397: 5155 | E397: 8108.5 | F397: 7017 | G397: 7310 | H397: 7871.5 | I397: 3087 | J397: 8988.5 | K397: 2573 | L397: 7287.75 | M397: 6400 | N397: 3759 | O397: 6139.3125 | P397: 50.5625 | Q397: 2057 | R397: 160.125 | S397: 1116.5 | T397: 578.5 | U397: 3099 | X397: 101269.94 | Y397: 26.6 | AB397: =AND(A397>=(TODAY()-30),A397<TODAY()) -> FALSE
A398: 43678 | B398: 14362.312 | C398: 9398.5 | D398: 5717.5 | E398: 10185.75 | F398: 8351 | G398: 9133 | H398: 11472 | I398: 4881.5 | J398: 10361.5 | K398: 3748.25 | L398: 10229.25 | M398: 7070 | N398: 3872 | O398: 8535 | P398: 42.9375 | Q398: 2632 | R398: 163.5 | S398: 1157 | T398: 627 | U398: 4937 | X398: 126877 | Y398: 26.5 | Z398: 26 | AA398: =IF(Z398=0,"CLOSE","OPEN") -> OPEN | AB398: =AND(A398>=(TODAY()-30),A398<TODAY()) -> FALSE
A399: 43679 | B399: 15029.062 | C399: 10275.25 | D399: 5865 | E399: 9695.5 | F399: 9830.5 | G399: 12304 | H399: 12326 | I399: 7376.5 | J399: 10993 | K399: 3806.5 | L399: 10043.5 | M399: 7636 | N399: 5114.5 | O399: 8923.9375 | P399: 226.5 | Q399: 3131.5 | R399: 535 | S399: 1231 | T399: 705 | U399: 5476 | X399: 140524.25 | Y399: 27.656701 | Z399: 26 | AA399: =IF(Z399=0,"CLOSE","OPEN") -> OPEN | AB399: =AND(A399>=(TODAY()-30),A399<TODAY()) -> FALSE
A400: 43680 | B400: 13607.875 | C400: 10298.5 | D400: 5832 | E400: 10388.25 | F400: 9560.5 | G400: 12178 | H400: 13629 | I400: 6686 | J400: 10698.5 | K400: 3723.5 | L400: 9997.875 | M400: 7138 | N400: 5187 | O400: 8808.25 | P400: 228.875 | Q400: 3176.5 | R400: 536.875 | S400: 1198.5 | T400: 692.5 | U400: 5162 | X400: 138728.5 | Y400: 27.374227 | Z400: 26 | AA400: =IF(Z400=0,"CLOSE","OPEN") -> OPEN | AB400: =AND(A400>=(TODAY()-30),A400<TODAY()) -> FALSE
A401: 43681 | B401: 14705.938 | C401: 9021 | D401: 5904 | E401: 10280 | F401: 9800.5 | G401: 12103 | H401: 13347.5 | I401: 7536 | J401: 9763 | K401: 3872.25 | L401: 9084 | M401: 7086 | N401: 5102.5 | O401: 8677.875 | P401: 221.625 | Q401: 3096 | R401: 518.125 | S401: 1213.5 | T401: 713 | U401: 4669 | X401: 136714.81 | Y401: 29.002062 | Z401: 26 | AA401: =IF(Z401=0,"CLOSE","OPEN") -> OPEN | AB401: =AND(A401>=(TODAY()-30),A401<TODAY()) -> FALSE
A402: 43682 | B402: 14268.625 | C402: 10129 | D402: 5754.5 | E402: 10063.25 | F402: 9935 | G402: 13934 | H402: 12974 | I402: 3931 | J402: 10271 | K402: 3310.25 | L402: 8636.375 | M402: 7600 | N402: 4817 | O402: 7368.25 | P402: 153.125 | Q402: 2903.5 | R402: 165.25 | S402: 1279.5 | T402: 603.5 | U402: 5207 | X402: 133304.12 | Y402: 30.2 | Z402: 15 | AA402: =IF(Z402=0,"CLOSE","OPEN") -> OPEN | AB402: =AND(A402>=(TODAY()-30),A402<TODAY()) -> FALSE
A403: 43683 | B403: 15132.438 | C403: 10157.25 | D403: 5847 | E403: 10302.5 | F403: 10016 | G403: 13355 | H403: 14274.5 | I403: 5391.5 | J403: 11233 | K403: 3185.5 | L403: 10406.75 | M403: 7681 | N403: 5347 | O403: 8583.5 | P403: 219.625 | Q403: 3145 | R403: 557.125 | S403: 1304.5 | T403: 725.5 | U403: 5474 | X403: 142338.69 | Y403: 30 | Z403: 22 | AA403: =IF(Z403=0,"CLOSE","OPEN") -> OPEN | AB403: =AND(A403>=(TODAY()-30),A403<TODAY()) -> FALSE
A404: 43684 | B404: 14674.875 | C404: 10515.5 | D404: 5849 | E404: 10469.75 | F404: 10016 | G404: 13859 | H404: 13383 | I404: 5601.5 | J404: 11289 | K404: 3339.25 | L404: 10117.5 | M404: 7962 | N404: 5330.75 | O404: 8792.875 | P404: 213.8125 | Q404: 3159.5 | R404: 539.875 | S404: 1276.5 | T404: 688.5 | U404: 5649 | X404: 142727.19 | Y404: 30.6 | Z404: 22 | AA404: =IF(Z404=0,"CLOSE","OPEN") -> OPEN | AB404: =AND(A404>=(TODAY()-30),A404<TODAY()) -> FALSE
A405: 43685 | B405: 15495.938 | C405: 9958.75 | D405: 5859.5 | E405: 10520.25 | F405: 9654.5 | G405: 13641 | H405: 13451.5 | I405: 5589.5 | J405: 11505.5 | K405: 3404 | L405: 10909.625 | M405: 8107 | N405: 5347.75 | O405: 8791 | P405: 208.9375 | Q405: 3198.5 | R405: 540.125 | S405: 1353 | T405: 727.5 | U405: 5643 | X405: 143906.88 | Y405: 31.3 | Z405: 22 | AA405: =IF(Z405=0,"CLOSE","OPEN") -> OPEN | AB405: =AND(A405>=(TODAY()-30),A405<TODAY()) -> FALSE
A406: 43686 | B406: 15187.5 | C406: 10224.75 | D406: 5871 | E406: 10545.25 | F406: 10701 | G406: 10135 | H406: 15004.5 | I406: 6714.5 | J406: 11712 | K406: 3228.75 | L406: 10599.875 | M406: 8250 | N406: 5330 | O406: 8917.375 | P406: 208.5 | Q406: 3334 | R406: 477.125 | S406: 1464 | T406: 767.5 | U406: 5670 | X406: 144342.62 | Y406: 32.4 | Z406: 26 | AA406: =IF(Z406=0,"CLOSE","OPEN") -> OPEN | AB406: =AND(A406>=(TODAY()-30),A406<TODAY()) -> FALSE
A407: 43687 | B407: 14411.375 | C407: 9707.5 | D407: 5925 | E407: 10441.25 | F407: 10591.5 | G407: 11061 | H407: 13495.5 | I407: 6395.5 | J407: 11169 | K407: 3206 | L407: 9256.375 | M407: 7810 | N407: 5312.75 | O407: 8735 | P407: 197 | Q407: 3348 | R407: 491.625 | S407: 1577 | T407: 812 | U407: 5117 | X407: 139060.38 | Y407: 32 | Z407: 26 | AA407: =IF(Z407=0,"CLOSE","OPEN") -> OPEN | AB407: =AND(A407>=(TODAY()-30),A407<TODAY()) -> FALSE
A408: 43688 | B408: 14992.375 | C408: 9019.5 | D408: 5879.5 | E408: 10351.5 | F408: 10539.5 | G408: 10177 | H408: 13183 | I408: 7013 | J408: 10275 | K408: 3205.25 | L408: 9047.875 | M408: 7582 | N408: 5303.25 | O408: 8764.875 | P408: 209.625 | Q408: 3182.5 | R408: 507.25 | S408: 1681.5 | T408: 835.5 | U408: 4605 | X408: 136355 | Y408: 32.3 | Z408: 26 | AA408: =IF(Z408=0,"CLOSE","OPEN") -> OPEN | AB408: =AND(A408>=(TODAY()-30),A408<TODAY()) -> FALSE
A409: 43689 | B409: 14749.5 | C409: 10362 | D409: 5797 | E409: 10225 | F409: 10787.5 | G409: 9157 | H409: 14529 | I409: 6845 | J409: 11620 | K409: 3434.25 | L409: 9776.25 | M409: 8085 | N409: 5298.25 | O409: 8616.375 | P409: 216.0625 | Q409: 3176.5 | R409: 505.375 | S409: 1666.5 | T409: 770 | U409: 5478 | X409: 141094.56 | Y409: 31.4 | Z409: 26 | AA409: =IF(Z409=0,"CLOSE","OPEN") -> OPEN | AB409: =AND(A409>=(TODAY()-30),A409<TODAY()) -> FALSE
... A429: 43709 | B429: 14614.875 | C429: 9256.75 | D429: 5584 | E429: 10267.5 | F429: 9479 | G429: 10971 | H429: 10390.5 | I429: 5222 | J429: 9199.5 | K429: 3201.5 | L429: 8542.375 | M429: 7210 | N429: 4567.25 | O429: 9000.125 | P429: 125.8125 | Q429: 2855 | R429: 309.875 | S429: 1233 | T429: 831 | U429: 4106 | X429: 126967.06 | Y429: 29.4 | Z429: 15 | AA429: =IF(Z429=0,"CLOSE","OPEN") -> OPEN | AB429: =AND(A429>=(TODAY()-30),A429<TODAY()) -> FALSE
A430: 43710 | B430: 13971.375 | C430: 10174.75 | D430: 5526 | E430: 10384 | F430: 8798 | G430: 9884 | H430: 9990 | I430: 5516 | J430: 10060.5 | K430: 3159.25 | L430: 9580.5 | M430: 7466 | N430: 3907 | O430: 7639.375 | P430: 145.1875 | Q430: 2490 | R430: 166 | S430: 1179 | T430: 691 | U430: 4478 | X430: 125205.94 | Y430: 27.4 | Z430: 8 | AA430: =IF(Z430=0,"CLOSE","OPEN") -> OPEN | AB430: =AND(A430>=(TODAY()-30),A430<TODAY()) -> FALSE | AC430: 6143081
A431: 43711 | B431: 14186.75 | C431: 10037 | D431: 5355 | E431: 9741.5 | F431: 10275 | G431: 9829 | H431: 10381.5 | I431: 7009.5 | J431: 10025 | K431: 3085 | L431: 9198.875 | M431: 7437 | N431: 4720.5 | O431: 8200.25 | P431: 49.25 | Q431: 2524.5 | R431: 153.875 | S431: 1207.5 | T431: 775 | U431: 4236 | X431: 128428 | Y431: 29.7 | Z431: 8 | AA431: =IF(Z431=0,"CLOSE","OPEN") -> OPEN | AB431: =AND(A431>=(TODAY()-30),A431<TODAY()) -> FALSE | AC431: =AC430-2119866 -> 4023215
A432: 43712 | B432: 13111.5 | C432: 10672.75 | D432: 5435.5 | E432: 10005.5 | F432: 9361 | G432: 9996 | H432: 11093 | I432: 5533.5 | J432: 10294 | K432: 3092.75 | L432: 9673.125 | M432: 7241 | N432: 4939 | O432: 8324.75 | P432: 139.6875 | Q432: 2565.5 | R432: 304.125 | S432: 1161.5 | T432: 692.5 | U432: 4655 | X432: 128291.69 | Y432: 27.6 | Z432: 8 | AA432: =IF(Z432=0,"CLOSE","OPEN") -> OPEN | AB432: =AND(A432>=(TODAY()-30),A432<TODAY()) -> FALSE | AC432: =AC431/31 -> 129781.13
A433: 43713 | B433: 14153.625 | C433: 9987 | D433: 5393 | E433: 10240 | F433: 10308.5 | G433: 9354 | H433: 12130.5 | I433: 4932 | J433: 9866.5 | K433: 3097.25 | L433: 9749.875 | M433: 7312 | N433: 4884.25 | O433: 8434.875 | P433: 45.25 | Q433: 2505.5 | R433: 338.875 | S433: 1211.5 | T433: 731.5 | U433: 4788 | X433: 129464 | Y433: 28.5 | Z433: 8 | AA433: =IF(Z433=0,"CLOSE","OPEN") -> OPEN | AB433: =AND(A433>=(TODAY()-30),A433<TODAY()) -> FALSE
A434: 43714 | B434: 14560 | C434: 9876.5 | D434: 5366 | E434: 10090 | F434: 11360 | G434: 11201 | H434: 10194.5 | I434: 5571 | J434: 9932 | K434: 3276.75 | L434: 9443.875 | M434: 7743 | N434: 5109.75 | O434: 8435.875 | P434: 161.0625 | Q434: 2725 | R434: 352.375 | S434: 1272.5 | T434: 786.5 | U434: 5025 | X434: 132482.69 | Y434: 30 | Z434: 8 | AA434: =IF(Z434=0,"CLOSE","OPEN") -> OPEN | AB434: =AND(A434>=(TODAY()-30),A434<TODAY()) -> FALSE
A435: 43715 | B435: 14704.625 | C435: 9252.75 | D435: 5444 | E435: 10434 | F435: 11661.5 | G435: 10787 | H435: 10324.5 | I435: 5826.5 | J435: 9019 | K435: 3129.25 | L435: 8348.5 | M435: 7682 | N435: 5121.25 | O435: 8490.5 | P435: 159.3125 | Q435: 2812 | R435: 376.75 | S435: 1316 | T435: 837 | U435: 4775 | X435: 130501.44 | Y435: 30.882474 | Z435: 11 | AA435: =IF(Z435=0,"CLOSE","OPEN") -> OPEN | AB435: =AND(A435>=(TODAY()-30),A435<TODAY()) -> FALSE
A436: 43716 | B436: 14772.75 | C436: 9118.75 | D436: 5568 | E436: 10391.25 | F436: 11381.5 | G436: 10291 | H436: 10662 | I436: 6556.5 | J436: 8844.5 | K436: 3134 | L436: 8481.5 | M436: 7653 | N436: 5172.75 | O436: 8567.875 | P436: 165.1875 | Q436: 2842 | R436: 446.75 | S436: 1393 | T436: 921 | U436: 3300 | X436: 129663.31 | Y436: 31.292784 | Z436: 11 | AA436: =IF(Z436=0,"CLOSE","OPEN") -> OPEN | AB436: =AND(A436>=(TODAY()-30),A436<TODAY()) -> FALSE
A437: 43717 | B437: 14704.5 | C437: 10030.5 | D437: 5391 | E437: 10171.5 | F437: 11602.5 | G437: 10103 | H437: 11313 | I437: 5429.5 | J437: 10033 | K437: 3162.25 | L437: 9221.875 | M437: 7999 | N437: 5236.25 | O437: 8665.125 | P437: 141.0625 | Q437: 2919 | R437: 349.125 | S437: 1360 | T437: 832 | U437: 5196 | X437: 133860.19 | Y437: 30.638144 | Z437: 8 | AA437: =IF(Z437=0,"CLOSE","OPEN") -> OPEN | AB437: =AND(A437>=(TODAY()-30),A437<TODAY()) -> FALSE
A438: 43718 | B438: 15111 | C438: 10241 | D438: 5337.5 | E438: 10441.25 | F438: 10820.5 | G438: 10430 | H438: 11037 | I438: 5620.5 | J438: 10457.5 | K438: 3169.5 | L438: 9245 | M438: 8128 | N438: 5269 | O438: 8524.25 | P438: 146.875 | Q438: 2878.5 | R438: 354.875 | S438: 1303 | T438: 725.5 | U438: 5318 | X438: 134558.75 | Y438: 31.1 | Z438: 8 | AA438: =IF(Z438=0,"CLOSE","OPEN") -> OPEN | AB438: =AND(A438>=(TODAY()-30),A438<TODAY()) -> FALSE | AC438: =AC432-AB438 -> 129781.13
A439: 43719 | B439: 14797.375 | C439: 10245 | D439: 5319 | E439: 10220.5 | F439: 10431 | G439: 10765 | H439: 10336.5 | I439: 5841.5 | J439: 10132.5 | K439: 3085 | L439: 9456.625 | M439: 8056 | N439: 5322.25 | O439: 8377.125 | P439: 138.875 | Q439: 2833 | R439: 138.875 | S439: 1308.5 | T439: 742 | U439: 5265 | X439: 132811.62 | Y439: 30.5 | Z439: 8 | AA439: =IF(Z439=0,"CLOSE","OPEN") -> OPEN | AB439: =AND(A439>=(TODAY()-30),A439<TODAY()) -> FALSE
A440: 43720 | B440: 14966.25 | C440: 10095.25 | D440: 5260 | E440: 10101.25 | F440: 11745.5 | G440: 10025 | H440: 11153.5 | I440: 6260.5 | J440: 10054.5 | K440: 3022 | L440: 8866 | M440: 8014 | N440: 5233.25 | O440: 8647.375 | P440: 150.75 | Q440: 2931 | R440: 372.625 | S440: 1280.5 | T440: 749.5 | U440: 5309 | X440: 134237.75 | Y440: 30.5 | Z440: 8 | AA440: =IF(Z440=0,"CLOSE","OPEN") -> OPEN | AB440: =AND(A440>=(TODAY()-30),A440<TODAY()) -> FALSE
A441: 43721 | B441: 14509.75 | C441: 10483.5 | D441: 5434.5 | E441: 10086.25 | F441: 11550 | G441: 10079 | H441: 11811.5 | I441: 6334.5 | J441: 9744 | K441: 3058.75 | L441: 9090.25 | M441: 7468 | N441: 5136.25 | O441: 8507.375 | P441: 167.9375 | Q441: 2843 | R441: 406 | S441: 1305.5 | T441: 806.5 | U441: 5184 | X441: 134006.56 | Y441: 30.615464 | Z441: 11 | AA441: =IF(Z441=0,"CLOSE","OPEN") -> OPEN | AB441: =AND(A441>=(TODAY()-30),A441<TODAY()) -> FALSE
A442: 43722 | B442: 14758.625 | C442: 9463.75 | D442: 5649 | E442: 9696 | F442: 11617 | G442: 10686 | H442: 12363 | I442: 5560.5 | J442: 9087.5 | K442: 3054.5 | L442: 7803.5 | M442: 6384 | N442: 5248 | O442: 8763.125 | P442: 201.5 | Q442: 2954 | R442: 505.875 | S442: 1301 | T442: 868 | U442: 4620 | X442: 130584.88 | Y442: 30.9 | Z442: 15 | AA442: =IF(Z442=0,"CLOSE","OPEN") -> OPEN | AB442: =AND(A442>=(TODAY()-30),A442<TODAY()) -> FALSE
A443: 43723 | B443: 14614.25 | C443: 9007.25 | D443: 5530 | E443: 9466.25 | F443: 10857 | G443: 10968 | H443: 11476.5 | I443: 5735.5 | J443: 8931 | K443: 3031.75 | L443: 8305 | M443: 6133 | N443: 5098 | O443: 8529 | P443: 178.75 | Q443: 2846.5 | R443: 438.125 | S443: 1219.5 | T443: 842.5 | U443: 4333 | X443: 127540.88 | Y443: 30.947423 | Z443: 15 | AA443: =IF(Z443=0,"CLOSE","OPEN") -> OPEN | AB443: =AND(A443>=(TODAY()-30),A443<TODAY()) -> FALSE
A444: 43724 | B444: 13891.375 | C444: 10096.75 | D444: 5289.5 | E444: 9368.25 | F444: 11338 | G444: 10573 | H444: 10197.5 | I444: 5920 | J444: 10236.5 | K444: 3077.5 | L444: 8616 | M444: 6648 | N444: 4983.75 | O444: 8335.625 | P444: 137.3125 | Q444: 2693.5 | R444: 356.875 | S444: 1231.5 | T444: 711.5 | U444: 5150 | X444: 128852.44 | Y444: 29.4 | Z444: 8 | AA444: =IF(Z444=0,"CLOSE","OPEN") -> OPEN | AB444: =AND(A444>=(TODAY()-30),A444<TODAY()) -> FALSE
A445: 43725 | B445: 14283.875 | C445: 9696.5 | D445: 5304 | E445: 9318.5 | F445: 10670 | G445: 9272 | H445: 10640 | I445: 6648.5 | J445: 10306 | K445: 3061 | L445: 9144.75 | M445: 6813 | N445: 4936.5 | O445: 8258.875 | P445: 141.1875 | Q445: 2694 | R445: 325.5 | S445: 1206.5 | T445: 660 | U445: 4966 | X445: 128346.69 | Y445: 28.278351 | Z445: 8 | AA445: =IF(Z445=0,"CLOSE","OPEN") -> OPEN | AB445: =AND(A445>=(TODAY()-30),A445<TODAY()) -> FALSE
A446: 43726 | B446: 13719 | C446: 10166.5 | D446: 5252.5 | E446: 9235.75 | F446: 11086 | G446: 9769 | H446: 10958 | I446: 5815.5 | J446: 10142 | K446: 3175.5 | L446: 8287 | M446: 6045 | N446: 5081.25 | O446: 8226.375 | P446: 147.1875 | Q446: 2706.5 | R446: 352 | S446: 1222.5 | T446: 735 | U446: 5053 | X446: 127175.56 | Y446: 29.1 | Z446: 8 | AA446: =IF(Z446=0,"CLOSE","OPEN") -> OPEN | AB446: =AND(A446>=(TODAY()-30),A446<TODAY()) -> FALSE
A447: 43727 | B447: 13972.5 | C447: 9685 | D447: 5235.5 | E447: 9269.75 | F447: 11000 | G447: 10264 | H447: 11308.5 | I447: 5310.5 | J447: 10449.5 | K447: 3194.5 | L447: 8007.75 | M447: 6153 | N447: 4913.25 | O447: 8294.5 | P447: 153.625 | Q447: 2687 | R447: 334.25 | S447: 1153 | T447: 729.5 | U447: 5060 | X447: 127175.62 | Y447: 29.1 | Z447: 15 | AA447: =IF(Z447=0,"CLOSE","OPEN") -> OPEN | AB447: =AND(A447>=(TODAY()-30),A447<TODAY()) -> FALSE
A448: 43728 | B448: 14954.25 | C448: 9824.75 | D448: 5464 | E448: 8192.5 | F448: 11161 | G448: 12036 | H448: 12108.5 | I448: 6368 | J448: 10431 | K448: 3176.25 | L448: 8164.75 | M448: 5871 | N448: 5292.75 | O448: 9031.125 | P448: 214.875 | Q448: 2897.5 | R448: 497.25 | S448: 1109.5 | T448: 829.5 | U448: 5372 | X448: 132996.5 | Y448: 29 | Z448: 15 | AA448: =IF(Z448=0,"CLOSE","OPEN") -> OPEN | AB448: =AND(A448>=(TODAY()-30),A448<TODAY()) -> FALSE
A449: 43729 | B449: 15087.375 | C449: 8787.75 | D449: 5636.5 | E449: 7488.25 | F449: 10464 | G449: 11952 | H449: 12466.5 | I449: 7101 | J449: 9523.5 | K449: 3118 | L449: 6875.75 | M449: 5581 | N449: 5313.75 | O449: 9208.75 | P449: 222.375 | Q449: 2886 | R449: 538.375 | S449: 1077.5 | T449: 884 | U449: 4991 | X449: 129203.38 | Y449: 28.4 | Z449: 18 | AA449: =IF(Z449=0,"CLOSE","OPEN") -> OPEN | AB449: =AND(A449>=(TODAY()-30),A449<TODAY()) -> FALSE
A450: 43730 | B450: 14104 | C450: 8580.75 | D450: 5455.5 | E450: 7173 | F450: 9502 | G450: 10589 | H450: 11663 | I450: 6509 | J450: 8986 | K450: 2978 | L450: 6043.75 | M450: 5019 | N450: 5032.25 | O450: 8460.25 | P450: 181.125 | Q450: 2665.5 | R450: 441.125 | S450: 1048 | T450: 852 | U450: 4692 | X450: 119975.25 | Y450: 28.2 | Z450: 15 | AA450: =IF(Z450=0,"CLOSE","OPEN") -> OPEN | AB450: =AND(A450>=(TODAY()-30),A450<TODAY()) -> FALSE
... A462: 43742 | B462: 15232.875 | C462: 9319.25 | D462: 5589.5 | E462: 8128.25 | F462: 9169 | G462: 11851 | H462: 11631 | I462: 6228 | J462: 9572.5 | K462: 3003.25 | L462: 7476.75 | M462: 6322 | N462: 5299.25 | O462: 8796.875 | P462: 194.3125 | Q462: 2862 | R462: 502.5 | S462: 1201 | T462: 768 | U462: 5167 | X462: 128314.31 | Y462: 28.6 | Z462: 22 | AA462: =IF(Z462=0,"CLOSE","OPEN") -> OPEN | AB462: =AND(A462>=(TODAY()-30),A462<TODAY()) -> FALSE
A463: 43743 | B463: 14022.75 | C463: 8404.5 | D463: 5468 | E463: 7869.25 | F463: 9877 | G463: 10576 | H463: 10355 | I463: 6002 | J463: 8514 | K463: 2892 | L463: 6262.5 | M463: 5306 | N463: 4530.25 | O463: 7963.5 | P463: 165.625 | Q463: 2844.5 | R463: 163.875 | S463: 1209 | T463: 783.5 | U463: 4576 | X463: 117785.25 | Y463: 29.5 | Z463: - | AA463: =IF(Z463=0,"CLOSE","OPEN") -> OPEN | AB463: =AND(A463>=(TODAY()-30),A463<TODAY()) -> FALSE
A464: 43744 | B464: 13953 | C464: 8424.5 | D464: 5766 | E464: 8299.5 | F464: 8959 | G464: 10451 | H464: 11196.5 | I464: 6335 | J464: 9153 | K464: 3000.25 | L464: 8346.25 | M464: 6680 | N464: 5144.25 | O464: 8772.25 | P464: 165.6875 | Q464: 2785.5 | R464: 431.625 | S464: 1157 | T464: 892 | U464: 4316 | X464: 124228.31 | Y464: 26.8 | Z464: 26 | AA464: =IF(Z464=0,"CLOSE","OPEN") -> OPEN | AB464: =AND(A464>=(TODAY()-30),A464<TODAY()) -> FALSE
A465: 43745 | B465: 14008.125 | C465: 9424.25 | D465: 5469 | E465: 7879.75 | F465: 9861 | G465: 10784 | H465: 11935.5 | I465: 5040 | J465: 9023 | K465: 3058 | L465: 6934.25 | M465: 5655 | N465: 5272.75 | O465: 8807 | P465: 171.25 | Q465: 2759.5 | R465: 409.75 | S465: 1200 | T465: 816 | U465: 4252 | X465: 122760.12 | Y465: 27.5 | Z465: 18 | AA465: =IF(Z465=0,"CLOSE","OPEN") -> OPEN | AB465: =AND(A465>=(TODAY()-30),A465<TODAY()) -> FALSE
A466: 43746 | B466: 14205 | C466: 9603.5 | D466: 5294.5 | E466: 8013.25 | F466: 10235 | G466: 10312 | H466: 10838.5 | I466: 5346.5 | J466: 9753.5 | K466: 2948.5 | L466: 7551.75 | M466: 6264 | N466: 5157 | O466: 8496.125 | P466: 154 | Q466: 2666 | R466: 366.75 | S466: 1189 | T466: 723.5 | U466: 5063 | X466: 124181.38 | Y466: 28.4 | Z466: 8 | AA466: =IF(Z466=0,"CLOSE","OPEN") -> OPEN | AB466: =AND(A466>=(TODAY()-30),A466<TODAY()) -> FALSE
A467: 43747 | B467: 14361 | C467: 9706 | D467: 5273 | E467: 8334.75 | F467: 10335 | G467: 10281 | H467: 10859 | I467: 5699 | J467: 9818 | K467: 2864.25 | L467: 6929.5 | M467: 6150 | N467: 5021.25 | O467: 8384.625 | P467: 150.6875 | Q467: 2681.5 | R467: 332.375 | S467: 1194 | T467: 733.5 | U467: 4414 | X467: 123522.44 | Y467: 28.8 | Z467: 8 | AA467: =IF(Z467=0,"CLOSE","OPEN") -> OPEN | AB467: =AND(A467>=(TODAY()-30),A467<TODAY()) -> FALSE
A468: 43748 | B468: 14864 | C468: 9881.5 | D468: 5310 | E468: 8765.25 | F468: 10382 | G468: 7592 | H468: 13048 | I468: 6100.5 | J468: 10117 | K468: 3040 | L468: 7279.75 | M468: 6203 | N468: 5143.5 | O468: 8509.125 | P468: 153.375 | Q468: 2698.5 | R468: 358.25 | S468: 1200.5 | T468: 736.5 | U468: 5034 | X468: 126416.75 | Y468: 28.7 | Z468: 8 | AA468: =IF(Z468=0,"CLOSE","OPEN") -> OPEN | AB468: =AND(A468>=(TODAY()-30),A468<TODAY()) -> FALSE
A469: 43749 | B469: 14811.75 | C469: 9480.25 | D469: 5525 | E469: 7985.75 | F469: 10638 | G469: 8395 | H469: 13537.5 | I469: 6834 | J469: 10043 | K469: 3041.5 | L469: 7695.75 | M469: 5929 | N469: 5055 | O469: 8298.625 | P469: 172.8125 | Q469: 2820 | R469: 438.625 | S469: 1255 | T469: 816 | U469: 5209 | X469: 127981.56 | Y469: 28.3 | Z469: 11 | AA469: =IF(Z469=0,"CLOSE","OPEN") -> OPEN | AB469: =AND(A469>=(TODAY()-30),A469<TODAY()) -> FALSE
A470: 43750 | B470: 14504.5 | C470: 8700.5 | D470: 5495.5 | E470: 8469 | F470: 11123 | G470: 10207 | H470: 12627.5 | I470: 6517.5 | J470: 9327 | K470: 2948.75 | L470: 7005.5 | M470: 5827 | N470: 5069.5 | O470: 8129 | P470: 180.125 | Q470: 2822.5 | R470: 427.375 | S470: 1284 | T470: 837.5 | U470: 4854 | X470: 126356.75 | Y470: 29.5 | Z470: 15 | AA470: =IF(Z470=0,"CLOSE","OPEN") -> OPEN | AB470: =AND(A470>=(TODAY()-30),A470<TODAY()) -> FALSE
A471: 43751 | B471: 14335.625 | C471: 8528 | D471: 5572.5 | E471: 8545.5 | F471: 9873 | G471: 8600 | H471: 13161 | I471: 6521 | J471: 8570.5 | K471: 2962.25 | L471: 7780.5 | M471: 6054 | N471: 5095.5 | O471: 8188.25 | P471: 179 | Q471: 2758 | R471: 405.625 | S471: 1210 | T471: 829.5 | U471: 4279 | X471: 123448.75 | Y471: 27.6 | Z471: 15 | AA471: =IF(Z471=0,"CLOSE","OPEN") -> OPEN | AB471: =AND(A471>=(TODAY()-30),A471<TODAY()) -> FALSE
A472: 43752 | B472: 13547.875 | C472: 9587.5 | D472: 5444 | E472: 3304.75 | F472: 9307 | G472: 8330 | H472: 12456 | I472: 5701 | J472: 9396.5 | K472: 2888.25 | L472: 8507 | M472: 6836 | N472: 4912.75 | O472: 7992.625 | P472: 137.875 | Q472: 2597 | R472: 336.125 | S472: 1139.5 | T472: 763 | U472: 4945 | X472: 118129.75 | Y472: 25.3 | Z472: 11 | AA472: =IF(Z472=0,"CLOSE","OPEN") -> OPEN | AB472: =AND(A472>=(TODAY()-30),A472<TODAY()) -> FALSE
A473: 43753 | B473: 13989.875 | C473: 9504.25 | D473: 5542.5 | E473: 7713 | F473: 9634 | G473: 8528 | H473: 11746 | I473: 6378.5 | J473: 9710 | K473: 2957 | L473: 7537 | M473: 6000 | N473: 4905 | O473: 8140.875 | P473: 160.1875 | Q473: 2661.5 | R473: 393.875 | S473: 1109 | T473: 878.5 | U473: 5213 | X473: 122702.06 | Y473: 26.8 | Z473: 8 | AA473: =IF(Z473=0,"CLOSE","OPEN") -> OPEN | AB473: =AND(A473>=(TODAY()-30),A473<TODAY()) -> FALSE
A474: 43754 | B474: 13621 | C474: 9395.5 | D474: 5284 | E474: 7632.5 | F474: 9364 | G474: 10161 | H474: 11162.5 | I474: 5501 | J474: 9380 | K474: 2846.75 | L474: 7697.5 | M474: 5656 | N474: 4838 | O474: 7944.5 | P474: 136.5625 | Q474: 2527 | R474: 360.25 | S474: 1050 | T474: 849.5 | U474: 4771 | X474: 120178.56 | Y474: 26.2 | Z474: 8 | AA474: =IF(Z474=0,"CLOSE","OPEN") -> OPEN | AB474: =AND(A474>=(TODAY()-30),A474<TODAY()) -> FALSE
A475: 43755 | B475: 13976.875 | C475: 9435.75 | D475: 5324.5 | E475: 7751.75 | F475: 9347 | G475: 10509 | H475: 11141.5 | I475: 5431.5 | J475: 9565.5 | K475: 2864 | L475: 7646 | M475: 5489 | N475: 5002.25 | O475: 7957.25 | P475: 141.9375 | Q475: 2532.5 | R475: 362 | S475: 1090.5 | T475: 853 | U475: 4608 | X475: 121029.81 | Y475: 26.5 | Z475: 11 | AA475: =IF(Z475=0,"CLOSE","OPEN") -> OPEN | AB475: =AND(A475>=(TODAY()-30),A475<TODAY()) -> FALSE
... A501: 43781 | B501: 13774.25 | C501: 9397.5 | D501: 5549 | E501: 7079 | F501: 6281 | G501: 8459 | H501: 10721.5 | I501: 5411.5 | J501: 9054.5 | K501: 2745.5 | L501: 8027.25 | M501: 6089 | N501: 4901.5 | O501: 7743.25 | P501: 150.125 | Q501: 2497 | R501: 159.125 | S501: 1068 | T501: 778 | U501: 3850.3984 | X501: 113736.4 | Y501: 23.8 | Z501: 8 | AA501: =IF(Z501=0,"CLOSE","OPEN") -> OPEN | AB501: =AND(A501>=(TODAY()-30),A501<TODAY()) -> FALSE
A502: 43782 | O502: 6646 | P502: 142.8125 | Q502: 2339 | R502: 158 | S502: 1075.5 | T502: 772 | U502: 3873.8516 | X502: 108683.91 | Y502: 24 | Z502: 8 | AA502: =IF(Z502=0,"CLOSE","OPEN") -> OPEN | AB502: =AND(A502>=(TODAY()-30),A502<TODAY()) -> FALSE
A503: 43783 | B503: 13586 | C503: 9188.5 | D503: 5524 | E503: 7019 | F503: 6023 | G503: 10345 | H503: 9409 | I503: 4896.5 | J503: 9118.5 | K503: 2700.75 | L503: 7667 | M503: 5582 | N503: 5022.5 | O503: 7664.125 | P503: 138.6875 | Q503: 2203.5 | R503: 158.75 | S503: 1041 | T503: 812.5 | U503: 4356.0312 | X503: 112456.34 | Y503: 23.3 | Z503: 11 | AA503: =IF(Z503=0,"CLOSE","OPEN") -> OPEN | AB503: =AND(A503>=(TODAY()-30),A503<TODAY()) -> FALSE
A504: 43784 | B504: 13567 | C504: 8915.5 | D504: 5589.5 | E504: 6427.5 | F504: 6061 | G504: 10443 | H504: 8980 | I504: 5736 | J504: 9759 | K504: 2802 | L504: 7377.5 | M504: 5535 | N504: 4910 | O504: 7730.125 | P504: 174.1875 | Q504: 2304.5 | R504: 174.625 | S504: 1058.5 | T504: 838.5 | U504: 4480.7188 | X504: 112864.16 | Y504: 22.9 | Z504: 15 | AA504: =IF(Z504=0,"CLOSE","OPEN") -> OPEN | AB504: =AND(A504>=(TODAY()-30),A504<TODAY()) -> FALSE
A505: 43785 | B505: 13572 | C505: 8298.5 | D505: 5682 | E505: 6796 | F505: 6248 | G505: 9465 | H505: 9985 | I505: 6116.5 | J505: 8967 | K505: 2968.75 | L505: 7218.25 | M505: 5639 | N505: 4996.75 | O505: 7774.125 | P505: 166.25 | Q505: 2362.5 | R505: 178 | S505: 1062 | T505: 874.5 | U505: 4213.2188 | X505: 112583.34 | Y505: 23.4 | Z505: 18 | AA505: =IF(Z505=0,"CLOSE","OPEN") -> OPEN | AB505: =AND(A505>=(TODAY()-30),A505<TODAY()) -> FALSE
A506: 43786 | B506: 12806.25 | C506: 8923 | D506: 5670 | E506: 6546.5 | F506: 6439 | G506: 9805 | H506: 10307.5 | I506: 5545 | J506: 8455.5 | K506: 2848.5 | L506: 2213.25 | M506: 2167 | N506: 5108.75 | O506: 7874.25 | P506: 173.8125 | Q506: 2448 | R506: 215.625 | S506: 1092 | T506: 912 | U506: 3880.2969 | X506: 103431.23 | Y506: 23.9 | Z506: 18 | AA506: =IF(Z506=0,"CLOSE","OPEN") -> OPEN | AB506: =AND(A506>=(TODAY()-30),A506<TODAY()) -> FALSE
A507: 43787 | B507: 13822.25 | C507: 9157.5 | D507: 5659.5 | E507: 6415.5 | F507: 6335 | G507: 10561 | H507: 10608 | I507: 4459.5 | J507: 9172.5 | K507: 2862 | L507: 2862 | M507: 2862 | N507: 5514.75 | O507: 8029 | P507: 172.6875 | Q507: 2318 | R507: 421.375 | S507: 1091.5 | T507: 856.5 | U507: 4364.9297 | X507: 107545.49 | Y507: 24.3 | Z507: 11 | AA507: =IF(Z507=0,"CLOSE","OPEN") -> OPEN | AB507: =AND(A507>=(TODAY()-30),A507<TODAY()) -> FALSE
A508: 43788 | B508: 13602.75 | C508: 9095 | D508: 5547.5 | E508: 6404.5 | F508: 5334 | G508: 10664 | H508: 9378 | I508: 4975.5 | J508: 8419.5 | K508: 2780.75 | L508: 2780.75 | M508: 2780.75 | N508: 5141.25 | O508: 7767 | P508: 162.0625 | Q508: 2113 | R508: 401.625 | S508: 980.5 | T508: 829.5 | U508: 4273.4922 | X508: 103431.43 | Y508: 20.1 | Z508: 8 | AA508: =IF(Z508=0,"CLOSE","OPEN") -> OPEN | AB508: =AND(A508>=(TODAY()-30),A508<TODAY()) -> FALSE
A509: 43789 | B509: 13290.75 | C509: 9240 | D509: 5473 | E509: 6292 | F509: 5324 | G509: 10000 | H509: 9558 | I509: 5686 | J509: 8485.5 | K509: 2864.75 | L509: 2864.75 | M509: 2864.75 | N509: 5147.75 | O509: 7782.5 | P509: 139.4375 | Q509: 2138.5 | R509: 368 | S509: 1010.5 | T509: 828.5 | U509: 4234 | X509: 103592.69 | Y509: 21 | Z509: 8 | AA509: =IF(Z509=0,"CLOSE","OPEN") -> OPEN | AB509: =AND(A509>=(TODAY()-30),A509<TODAY()) -> FALSE
A510: 43790 | B510: 13496.25 | C510: 8994 | D510: 5470 | E510: 6269 | F510: 5408 | G510: 9031 | H510: 10242.5 | I510: 5741.5 | J510: 8715.5 | K510: 2755 | L510: 2755 | M510: 2755 | N510: 5094.5 | O510: 7741.125 | P510: 141.1875 | Q510: 2154 | R510: 373.25 | S510: 1021.5 | T510: 816 | U510: 4102.75 | X510: 103077.06 | Y510: 21.3 | Z510: 11 | AA510: =IF(Z510=0,"CLOSE","OPEN") -> OPEN | AB510: =AND(A510>=(TODAY()-30),A510<TODAY()) -> FALSE
A511: 43791 | B511: 13612.25 | C511: 9257 | D511: 5562 | E511: 6440 | F511: 5544 | G511: 9736 | H511: 12483.5 | I511: 5046 | J511: 9520.5 | K511: 2934.25 | L511: 2934.25 | M511: 2934.25 | N511: 5265 | O511: 7900.125 | P511: 173.0625 | Q511: 2211.5 | R511: 425.375 | S511: 1013 | T511: 819.5 | U511: 3964.375 | X511: 107775.94 | Y511: 22.1 | Z511: 15 | AA511: =IF(Z511=0,"CLOSE","OPEN") -> OPEN | AB511: =AND(A511>=(TODAY()-30),A511<TODAY()) -> FALSE
A512: 43792 | B512: 13339.75 | C512: 8262 | D512: 5639.5 | E512: 6439 | F512: 5561 | G512: 10565 | H512: 10216 | I512: 4865.5 | J512: 8962.5 | K512: 2806.75 | L512: 2806.75 | M512: 2806.75 | N512: 5286 | O512: 8051.125 | P512: 169 | Q512: 2403.5 | R512: 411.375 | S512: 1100.5 | T512: 905.5 | U512: 4208.1094 | X512: 104805.61 | Y512: 23.9 | Z512: 18 | AA512: =IF(Z512=0,"CLOSE","OPEN") -> OPEN | AB512: =AND(A512>=(TODAY()-30),A512<TODAY()) -> FALSE
A513: 43793 | B513: 14024.25 | C513: 8415 | D513: 5842 | E513: 6847 | F513: 5628 | G513: 11127 | H513: 8922 | I513: 5901.5 | J513: 8821 | K513: 2832.25 | L513: 2832.25 | M513: 2832.25 | N513: 5368.5 | O513: 7929.25 | P513: 194.0625 | Q513: 2440.5 | R513: 424.625 | S513: 1103.5 | T513: 843.5 | U513: 4206.5781 | X513: 106535.02 | Y513: 24.1 | Z513: 26 | AA513: =IF(Z513=0,"CLOSE","OPEN") -> OPEN | AB513: =AND(A513>=(TODAY()-30),A513<TODAY()) -> FALSE
A514: 43794 | B514: 13732.5 | C514: 9125 | D514: 5488.5 | E514: 6508.5 | F514: 5795 | G514: 9133 | H514: 10021 | I514: 5885 | J514: 8929.5 | K514: 2794 | L514: 2794 | M514: 2794 | N514: 5272.5 | O514: 8117.5 | P514: 153.625 | Q514: 2429.5 | R514: 401.25 | S514: 1085.5 | T514: 785.5 | U514: 3463.3594 | X514: 104708.73 | Y514: 24.5 | Z514: 11 | AA514: =IF(Z514=0,"CLOSE","OPEN") -> OPEN | AB514: =AND(A514>=(TODAY()-30),A514<TODAY()) -> FALSE
... A720: 44000 | B720: 12914.25 | C720: 10437.5 | D720: 5334.5 | E720: 8559.5 | F720: 7703 | G720: 8368.5625 | H720: 8768 | I720: 11446.5 | J720: 7343.5 | K720: 2324 | L720: 7176.5 | M720: 7336.9375 | N720: 5226.5 | O720: 6650.75 | P720: 183.375 | Q720: 2506 | R720: 392.375 | S720: 1218 | T720: 647.5 | U720: 5689.4375 | X720: 120226.69 | Y720: 28.8 | Z720: 8 | AA720: =IF(Z720=0,"CLOSE","OPEN") -> OPEN | AB720: =AND(A720>=(TODAY()-30),A720<TODAY()) -> FALSE
A721: 44001 | B721: 12574 | C721: 10440 | D721: 5330 | E721: 7880.5 | F721: 7120 | G721: 8137.9375 | H721: 8645 | I721: 11433.5 | J721: 7289 | K721: 2236.5 | L721: 6511.5 | M721: 7017.4375 | N721: 4940.5 | O721: 6437.25 | P721: 167.125 | Q721: 2547.5 | R721: 377.25 | S721: 1279 | T721: 777.5 | U721: 5303 | X721: 116444.5 | Y721: 29.3 | AA721: =IF(Z721=0,"CLOSE","OPEN") -> CLOSE | AB721: =AND(A721>=(TODAY()-30),A721<TODAY()) -> FALSE
A722: 44002 | B722: 12574 | C722: 10440 | D722: 5330 | E722: 7880.5 | F722: 7120 | G722: 8137.9375 | H722: 8645 | I722: 11433.5 | J722: 7289 | K722: 2236.5 | L722: 6511.5 | M722: 7017.4375 | N722: 4940.5 | O722: 6718.5 | P722: 149 | Q722: 2590.5 | R722: 343.875 | S722: 1302 | T722: 871.5 | U722: 4836.6875 | X722: 115203.5 | Y722: 30.5 | Z722: 11 | AA722: =IF(Z722=0,"CLOSE","OPEN") -> OPEN | AB722: =AND(A722>=(TODAY()-30),A722<TODAY()) -> FALSE
A723: 44003 | B723: 12263.5 | C723: 9410.5 | D723: 5370 | E723: 7992 | F723: 8178 | G723: 8259.625 | H723: 8831 | I723: 11301.5 | J723: 6308.5 | K723: 2306.5 | L723: 5914.5 | M723: 6954.3125 | N723: 5005.5 | O723: 6527.25 | P723: 155.5625 | Q723: 2724.5 | R723: 369.25 | S723: 1501 | T723: 856.5 | U723: 4150.125 | X723: 114379.62 | Y723: 29.4 | Z723: 11 | AA723: =IF(Z723=0,"CLOSE","OPEN") -> OPEN | AB723: =AND(A723>=(TODAY()-30),A723<TODAY()) -> FALSE
A724: 44004 | B724: 12829.5 | C724: 10665 | D724: 5310.5 | E724: 8528.5 | F724: 8743 | G724: 9197.75 | H724: 10401 | I724: 8936.5 | J724: 7537 | K724: 2293 | L724: 6440.5 | M724: 7793.75 | N724: 4971.5 | O724: 7004.5 | P724: 167.0625 | Q724: 2755 | R724: 355.875 | S724: 1567 | T724: 754.5 | U724: 5330.875 | X724: 121582.31 | Y724: 29.7 | Z724: 11 | AA724: =IF(Z724=0,"CLOSE","OPEN") -> OPEN | AB724: =AND(A724>=(TODAY()-30),A724<TODAY()) -> FALSE
A725: 44005 | B725: 12575.5 | C725: 10550 | D725: 5297 | E725: 7815 | F725: 8798 | G725: 9842.125 | H725: 10088 | I725: 10161.5 | J725: 7742 | K725: 2277 | L725: 6927.75 | M725: 7722.125 | N725: 4781 | O725: 7294.75 | P725: 151.1875 | Q725: 2579.5 | R725: 357.125 | S725: 1520.5 | T725: 729.5 | U725: 5436.75 | X725: 122646.31 | Y725: 29.7 | Z725: 6 | AA725: =IF(Z725=0,"CLOSE","OPEN") -> OPEN | AB725: =AND(A725>=(TODAY()-30),A725<TODAY()) -> FALSE
A726: 44006 | B726: 12777 | C726: 10121 | D726: 5329 | E726: 7862 | F726: 8525 | G726: 9305.25 | H726: 9352 | I726: 10748.5 | J726: 7968 | K726: 2268.5 | L726: 7903.25 | M726: 7565.875 | N726: 4404 | O726: 7632 | P726: 163 | Q726: 2540.5 | R726: 339 | S726: 1356.5 | T726: 828.5 | U726: 5427.6875 | X726: 122416.56 | Y726: 29.4 | Z726: 6 | AA726: =IF(Z726=0,"CLOSE","OPEN") -> OPEN | AB726: =AND(A726>=(TODAY()-30),A726<TODAY()) -> FALSE
A727: 44007 | B727: 13419 | C727: 9664 | D727: 5452 | E727: 7986.5 | F727: 8494 | G727: 8771.875 | H727: 8269 | I727: 11562.5 | J727: 6581.5 | K727: 2282 | L727: 5964.5 | M727: 7304.5 | N727: 4956 | O727: 8061 | P727: 167.625 | Q727: 2610 | R727: 361.875 | S727: 1266 | T727: 863 | U727: 4072.9375 | X727: 118109.81 | Y727: 30.8 | Z727: 11 | AA727: =IF(Z727=0,"CLOSE","OPEN") -> OPEN | AB727: =AND(A727>=(TODAY()-30),A727<TODAY()) -> FALSE
A728: 44008 | B728: 14322.5 | C728: 9461 | D728: 5605 | E728: 8142.5 | F728: 8517 | G728: 8991.125 | H728: 8982 | I728: 11888.5 | J728: 7873.5 | K728: 2250.5 | L728: 7270 | M728: 8370.0625 | N728: 5004.5 | O728: 7759.75 | P728: 182.1875 | Q728: 2642 | R728: 384.875 | S728: 1120 | T728: 813 | U728: 5196.4375 | X728: 124776.44 | Y728: 29.2 | Z728: 11 | AA728: =IF(Z728=0,"CLOSE","OPEN") -> OPEN | AB728: =AND(A728>=(TODAY()-30),A728<TODAY()) -> FALSE
...

Sheet Meter Base
A1: Substation | B1: Supply Transformer | C1: Meter No | G1: Meter Description | I1: Parent | J1: MCCB No | K1: Service Area
A2: 631 Substation 201 | B2: T201-A | C2: Group | D2: B | E2: 9132381 | F2: 9110240(FiT) 9115380(FiT) 10214781(FiT) | G2: CLP KWH Meter | H2: ID
D3: SS201_Tx_A | G3: PMCS "A" Meter | H3: A000 | I3: 9046928
D4: (Solar Panel) | E4: ="SS201_" & J4 -> SS201_A1 | G4: PMCS "B" Meter | I4: SS201_Tx_A | J4: A1 | K4: 602 Wardrobe/Adminstration Normal Power
D5: (Solar Panel) | E5: ="SS201_" & J5 -> SS201_A2 | G5: PMCS "B" Meter | I5: SS201_Tx_A | J5: A2 | K5: 302 Tomorrow Terrace Restaurant Normal Power
E6: ="SS201_" & J6 -> SS201_A3 | G6: PMCS "B" Meter | I6: SS201_Tx_A | J6: A3 | K6: 203 Main Street Train Station
E7: ="SS201_" & J7 -> SS201_A4 | G7: PMCS "B" Meter | I7: SS201_Tx_A | J7: A4 | K7: 208 Main Street Corner Café, Baby Care Centre, First Aid, Crystal Arts Normal Power
E8: ="SS201_" & J8 -> SS201_A5 | G8: PMCS "B" Meter | I8: SS201_Tx_A | J8: A5 | K8: 624 Cleansing Water Tank Pumps Normal Power
E9: ="SS201_" & J9 -> SS201_A6 | G9: PMCS "B" Meter | I9: SS201_Tx_A | J9: A6 | K9: 316 Air Compressor Plant Normal Power
E10: ="SS201_" & J10 -> SS201_A7 | G10: PMCS "B" Meter | I10: SS201_Tx_A | J10: A7 | K10: Spare
E11: ="SS201_" & J11 -> SS201_A8 | G11: PMCS "B" Meter | I11: SS201_Tx_A | J11: A8 | K11: Spare
E12: SS201_A14 | J12: A14 | K12: Capacitor Bank
E13: ="SS201_" & J13 -> SS201_ATS201-A (A9) | G13: PMCS "B" Meter | I13: SS201_Tx_A | J13: ATS201-A (A9) | K13: Auto Change Over
F14: ="SS201_" & J14 -> SS201_EA1 | G14: PMCS "B" Meter | I14: SS201_ATS201-A | J14: EA1 | K14: 602 Wardrobe/Adminstration Essential Power
F15: ="SS201_" & J15 -> SS201_EA2 | G15: PMCS "B" Meter | I15: SS201_ATS201-A | J15: EA2 | K15: 302 Tomorrow Terrace Restaurant Essential Power
F16: ="SS201_" & J16 -> SS201_EA3 | G16: PMCS "B" Meter | I16: SS201_ATS201-A | J16: EA3 | K16: 203 Main Street Train Station Essential Power
F17: ="SS201_" & J17 -> SS201_EA4 | G17: PMCS "B" Meter | I17: SS201_ATS201-A | J17: EA4 | K17: 208 Main Street Corner Café, Baby Care Centre, First Aid, Crystal Arts Essentail Power
F18: ="SS201_" & J18 -> SS201_EA5 | G18: PMCS "B" Meter | I18: SS201_ATS201-A | J18: EA5 | K18: 624 Flushing Water Tank Pumps Essential Power
B19: T201-B | C19: Group | D19: C | E19: 9132428 | F19: 9110234(FiT) | G19: CLP KWH Meter
D20: SS201_Tx_B | G20: PMCS "A" Meter | I20: 9045183
D21: (Solar Panel) | E21: ="SS201_" & J21 -> SS201_B1 | G21: PMCS "B" Meter | I21: SS201_Tx_B | J21: B1 | K21: 304 Buzz Lightyear Astro Blasters Normal Power
E22: ="SS201_" & J22 -> SS201_B2 | G22: PMCS "B" Meter | I22: SS201_Tx_B | J22: B2 | K22: 204 Opera House Normal Power
E23: ="SS201_" & J23 -> SS201_B3 | G23: PMCS "B" Meter | I23: SS201_Tx_B | J23: B3 | K23: 206 Town Square Photo, Midtown Jewelry, Market House Bakery Normal Power
E24: ="SS201_" & J24 -> SS201_B4 | G24: PMCS "B" Meter | I24: SS201_Tx_B | J24: B4 | K24: DB-Contianer Location C"
E25: ="SS201_" & J25 -> SS201_ATS201-B (B5) | G25: PMCS "B" Meter | I25: SS201_Tx_B | J25: ATS201-B (B5) | K25: Auto change Over
E26: ="SS201_" & J26 -> SS201_B6 | G26: PMCS "B" Meter | I26: SS201_Tx_B | J26: B6 | K26: 631 Exterior LTG. MCB1 Normal Power
E27: ="SS201_" & J27 -> SS201_B8 | G27: PMCS "B" Meter | I27: SS201_Tx_B | J27: B8 | K27: 316 Area Development Air Compressor Plant & Water Filtration Plant
E28: SS201_B11 | K28: Capacitor Bank
E29: ="SS201_" & J29 -> SS201_B13 | G29: PMCS "B" Meter | I29: SS201_Tx_B | J29: B13 | K29: 645-MSB Wardrobe/Adminstration Normal Power
D30: No PMb | E30: ="SS201_" & J30 -> SS201_B14 | J30: B14 | K30: SPARE
F31: ="SS201_" & J31 -> SS201_EB1 | G31: PMCS "B" Meter | I31: SS201_ATS201-B | J31: EB1 | K31: 304 Buzz Lightyear Astro Blasters Essential Power
F32: ="SS201_" & J32 -> SS201_EB2 | G32: PMCS "B" Meter | I32: SS201_ATS201-B | J32: EB2 | K32: 204 Opera House Essential Power
F33: ="SS201_" & J33 -> SS201_EB3 | G33: PMCS "B" Meter | I33: SS201_ATS201-B | J33: EB3 | K33: 206 Town Square Photo, Midtown Jewelry, Market House Bakery Essential Power
D34: No PMb | F34: ="SS201_" & J34 -> SS201_EB4 | G34: PMCS "B" Meter | I34: SS201_ATS201-B | J34: EB4 | K34: 631 AUX. Load EMCB1 Essential
F35: ="SS201_" & J35 -> SS201_EB5 | G35: PMCS "B" Meter | I35: SS201_ATS201-B | J35: EB5 | K35: 645-EMSB1A Wardrobe/Adminstration Essential Power
F36: ="SS201_" & J36 -> SS201_EB6 | G36: PMCS "B" Meter | I36: SS201_ATS201-B | J36: EB6 | K36: GLA Service Tunnel Sump
B37: T201-C | C37: Group | D37: AT | E37: 9132711 | F37: 7600760(FiT) | G37: CLP KWH Meter
D38: SS201_Tx_C | G38: PMCS "A" Meter | I38: 9101575
D39: (Solar Panel) | E39: ="SS201_" & J39 -> SS201_C1 | G39: PMCS "B" Meter | I39: SS201_Tx_C | J39: C1 | K39: 310S-MSB1 IRONMAN EXPERIENCE RIDE Normal Power
E40: ="SS201_" & J40 -> SS201_C2 | G40: PMCS "B" Meter | I40: SS201_Tx_C | J40: C2 | K40: Spare
E41: ="SS201_" & J41 -> SS201_C3 | G41: PMCS "B" Meter | I41: SS201_Tx_C | J41: C3 | K41: Spare
E42: ="SS201_" & J42 -> SS201_C4 | G42: PMCS "B" Meter | I42: SS201_Tx_C | J42: C4 | K42: Spare
E43: ="SS201_" & J43 -> SS201_C8 | G43: PMCS "B" Meter | I43: SS201_Tx_C | J43: C8 | K43: Capacitor Bank
E44: ="SS201_" & J44 -> SS201_ATS201-C | G44: PMCS "B" Meter | I44: SS201_Tx_C | J44: ATS201-C | K44: Auto change Over
F45: ="SS201_" & J45 -> SS201_EC1 | G45: PMCS "B" Meter | I45: SS201_ATS201-C | J45: EC1 | K45: 310S IRONMAN EXPERIENCE RIDE Essential Power
F46: ="SS201_" & J46 -> SS201_EC2 | G46: PMCS "B" Meter | I46: SS201_ATS201-C | J46: EC2 | K46: Spare
F47: ="SS201_" & J47 -> SS201_EC3 | G47: PMCS "B" Meter | I47: SS201_ATS201-C | J47: EC3 | K47: Spare
F48: ="SS201_" & J48 -> SS201_EC4 | G48: PMCS "B" Meter | I48: SS201_ATS201-C | J48: EC4 | K48: Spare
A49: 632 Substation 202 | B49: T202-A | C49: Group | D49: D | E49: 9132384 | F49: 9109893(FiT) 10219856(FiT) 10220934(FiT) 10220936(FiT) 10220959(FiT) | G49: CLP KWH Meter
D50: SS202_Tx_A | G50: PMCS "A" Meter | I50: 9046769
D51: (Solar Panel) | E51: ="SS202_" & J51 -> SS202_A1 | G51: PMCS "B" Meter | I51: SS202_Tx_A | J51: A1 | K51: 211 Plaza Inn Normal Power
D52: (Solar Panel) | E52: ="SS202_" & J52 -> SS202_A2 | G52: PMCS "B" Meter | I52: SS202_Tx_A | J52: A2 | K52: 506 Tahitian Terrace Normal Power 507 Professor Porter's Trading Post Normal Power 509 Rafts to Tarzan's Treehouse Normal Power
D53: (Solar Panel) | E53: ="SS202_" & J53 -> SS202_A3 | G53: PMCS "B" Meter | I53: SS202_Tx_A | J53: A3 | K53: 202 Turnstiles, Group Sales Normal Power
D54: (Solar Panel) | E54: ="SS202_" & J54 -> SS202_A4 | G54: PMCS "B" Meter | I54: SS202_Tx_A | J54: A4 | K54: 205 City Hall, Guest Relations, Stroller and Wheelchair Rental Normal Power
D55: (Solar Panel) | E55: ="SS202_" & J55 -> SS202_A5 | G55: PMCS "B" Meter | I55: SS202_Tx_A | J55: A5 | K55: 207 Emporium Normal Power
E56: ="SS202_" & J56 -> SS202_A6 | G56: PMCS "B" Meter | I56: SS202_Tx_A | J56: A6 | K56: 209 Emporium : Main Street Sweets, The Curiosity Shop, Centennial Hall Normal Power
E57: ="SS202_" & J57 -> SS202_A7 | J57: A7 | K57: Spare
E58: ="SS202_" & J58 -> SS202_A8 | J58: A8 | K58: EV Charger
E59: ="SS202_" & J59 -> SS202_A14 | G59: PMCS "B" Meter | I59: SS202_Tx_A | J59: A14 | K59: Capacitor Bank
E60: ="SS202_" & J60 -> SS202_ATS202-A (A9) | G60: PMCS "B" Meter | I60: SS202_Tx_A | J60: ATS202-A (A9) | K60: Auto Change Over
F61: ="SS202_" & J61 -> SS202_EA1 | G61: PMCS "B" Meter | I61: SS202_ATS202-A | J61: EA1 | K61: 211 Plaza Inn
F62: ="SS202_" & J62 -> SS202_EA2 | G62: PMCS "B" Meter | I62: SS202_ATS202-A | J62: EA2 | K62: 506 Tahitian Terrace Essential Power 507 Professor Porter's Trading Post Essential Power 509 Rafts to Tarzan's Treehouse Essential Power
F63: ="SS202_" & J63 -> SS202_EA3 | G63: PMCS "B" Meter | I63: SS202_ATS202-A | J63: EA3 | K63: 202 Turnstiles, Group Sales Essential Power
F64: ="SS202_" & J64 -> SS202_EA4 | G64: PMCS "B" Meter | I64: SS202_ATS202-A | J64: EA4 | K64: 205 City Hall, Guest Relations, Stroller and Wheelchair Rental Essential Power
F65: ="SS202_" & J65 -> SS202_EA5 | G65: PMCS "B" Meter | I65: SS202_ATS202-A | J65: EA5 | K65: 207 Emporium Essential Power
F66: ="SS202_" & J66 -> SS202_EA6 | G66: PMCS "B" Meter | I66: SS202_ATS202-A | J66: EA6 | K66: 209 Emporium : Main Street Sweets, The Curiosity Shop, Centennial Hall Essential Power
B67: T202-B | C67: Group | D67: E | E67: 9077107 | G67: CLP KWH Meter
D68: SS202_TX_B | G68: PMCS "A" Meter | I68: 9045841
E69: ="SS202_" & J69 -> SS202_B1 | G69: PMCS "B" Meter | I69: SS202_TX_B | J69: B1 | K69: 508 Theater in the Wild Normal Power
E70: ="SS202_" & J70 -> SS202_B2 | G70: PMCS "B" Meter | I70: SS202_TX_B | J70: B2 | K70: 505 Tarzan's Treehouse Normal Power
E71: ="SS202_" & J71 -> SS202_B3 | G71: PMCS "B" Meter | I71: SS202_TX_B | J71: B3 | K71: 623 Water Tank Plant #3 Cleansing
E72: ="SS202_" & J72 -> SS202_B4 | G72: PMCS "B" Meter | I72: SS202_TX_B | J72: B4 | K72: Spare
E73: ="SS202_" & J73 -> SS202_B5 | G73: PMCS "B" Meter | I73: SS202_TX_B | J73: B5 | K73: Location B DB for container Normal Power
E74: ="SS202_" & J74 -> SS202_ATS202-B (B6) | G74: PMCS "B" Meter | I74: SS202_TX_B | J74: ATS202-B (B6) | K74: Auto Change Over
D75: No PMb | E75: ="SS202_" & J75 -> SS202_B7 | G75: PMCS "B" Meter | I75: SS202_TX_B | J75: B7 | K75: 632 Exterior Lighting MCB1 Normal Power
E76: ="SS202_" & J76 -> SS202_B9 | G76: None | I76: SS202_TX_B | J76: B9 | K76: Frozen Marquee "ADV-Tent-MSB" MCCB BD (Near GG) Switch 1
E77: SS202_B10 | J77: B10 | K77: 2nd Marquee "DB-MS-01" MCCB BD (Near building 211 - Plaza Ground)
E78: SS202_B12 | J78: B12 | K78: Capacitor Bank
E79: SS202_B13 | J79: B13 | K79: Frozen Marquee "ADV-Tent2-MSB" MCCB BD (Near GG) Switch 2
F80: ="SS202_" & J80 -> SS202_EB1 | G80: PMCS "B" Meter | I80: SS202_ATS202-B | J80: EB1 | K80: 508 Theater in the Wild Essential Power
F81: ="SS202_" & J81 -> SS202_EB2 | G81: PMCS "B" Meter | I81: SS202_ATS202-B | J81: EB2 | K81: 505 Tarzan's Treehouse Essential Power
F82: ="SS202_" & J82 -> SS202_EB3 | G82: PMCS "B" Meter | I82: SS202_ATS202-B | J82: EB3 | K82: 623 Water Tank Plant #3 Flushing Pumps Essential Power
F83: ="SS202_" & J83 -> SS202_EB4 | G83: PMCS "B" Meter | I83: SS202_ATS202-B | J83: EB4 | K83: 623 Water Tank Plant #3 F.S. Sprinkler Pump Essential Power
F84: ="SS202_" & J84 -> SS202_EB5 | G84: PMCS "B" Meter | I84: SS202_ATS202-B | J84: EB5 | K84: 623 Water Tank Plant #3 F.S. HR Pump Essential Power
D85: No PMb | F85: ="SS202_" & J85 -> SS202_EB6 | G85: PMCS "B" Meter | I85: SS202_ATS202-B | J85: EB6 | K85: 632 Auxuary Load EMCB1 Essential Power
A86: 633 Substation 203 | B86: T203-A | C86: Group | D86: F | E86: 9112224 | F86: 10220979(FiT) | G86: CLP KWH Meter
D87: SS203_Tx_A | G87: PMCS "A" Meter | I87: 9046834
E88: ="SS203_" & J88 -> SS203_A1 | G88: PMCS "B" Meter | I88: SS203_Tx_A | J88: A1 | K88: 403/405 Storybook Shop/Royal Banquet Hall Normal Power
E89: ="SS203_" & J89 -> SS203_A2 | G89: PMCS "B" Meter | I89: SS203_Tx_A | J89: A2 | K89: 401A Castle of Magical Dreams Normal Power
D90: (Solar Panel) | E90: ="SS203_" & J90 -> SS203_A3 | G90: PMCS "B" Meter | I90: SS203_Tx_A | J90: A3 | K90: 402 Cinderella Carousel Normal Power 408 Dumbo the Flying Elephant Normal Power 409 Mickey's PhilharMagic Normal Power
E91: ="SS203_" & J91 -> SS203_A4 | G91: PMCS "B" Meter | I91: SS203_Tx_A | J91: A4 | K91: 606 Characters Dressing Building Normal Power
D92: CASTLE | E92: ="SS203_" & J92 -> SS203_A5 | G92: PMCS "B" Meter | I92: SS203_Tx_A | J92: A5 | K92: 401A-EMSB1 (FSI Load) 401A-EMSB2 (Non-FSI Load)
E93: ="SS203_" & J93 -> SS203_ATS203-A (A6) | G93: PMCS "B" Meter | I93: SS203_Tx_A | J93: ATS203-A (A6) | K93: Auto Change Over
E94: ="SS203_" & J94 -> SS203_A7 | G94: PMCS "B" Meter | I94: SS203_Tx_A | J94: A7 | K94: 416 Air Compressor Plant for FL & AL CBP MSB1 (CA-1) Normal Power
E95: ="SS203_" & J95 -> SS203_A8 | G95: PMCS "B" Meter | I95: SS203_Tx_A | J95: A8 | K95: 443 Air Compressor Plant Normal Power
E96: ="SS203_" & J96 -> SS203_A11 | G96: PMCS "B" Meter | I96: SS203_Tx_A | J96: A11 | K96: Capacitor Bank
F97: ="SS203_" & J97 -> SS203_EA1 | G97: PMCS "B" Meter | I97: SS203_ATS203-A | J97: EA1 | K97: 606
F98: ="SS203_" & J98 -> SS203_EA2 | G98: PMCS "B" Meter | I98: SS203_ATS203-A | J98: EA2 | K98: 401A Castle of Magical Dreams Essential Power
F99: ="SS203_" & J99 -> SS203_EA3 | G99: PMCS "B" Meter | I99: SS203_ATS203-A | J99: EA3 | K99: 402 Cinderella Carousel Essential Power 408 Dumbo the Flying Elephant Essential Power 409 Mickey's PhilharMagic Essential Power
F100: ="SS203_" & J100 -> SS203_EA4 | G100: PMCS "B" Meter | I100: SS203_ATS203-A | J100: EA4 | K100: 606 Characters Dressing Building Essential Power
...
